"id","surveyId","questionId","value","createdAt"
"cmoecypaf0036f1jcaoqxn9i1","cmoecyp9p0035f1jcqgbsajyi","cmoecyosy0009f1jcnyjiqtrv",4,"2026-04-25T13:11:27.111Z"
"cmoecypaf0037f1jc2t0b5fhq","cmoecyp9p0035f1jcqgbsajyi","cmoecyot5000bf1jcz72lbhd2",3,"2026-04-25T13:11:27.111Z"
"cmoecypaf0038f1jc3vt9hybx","cmoecyp9p0035f1jcqgbsajyi","cmoecyotd000df1jc6lsgcq0q",4,"2026-04-25T13:11:27.111Z"
"cmoecypaf0039f1jc7yfsryev","cmoecyp9p0035f1jcqgbsajyi","cmoecyotj000ff1jcdbezkhdn",4,"2026-04-25T13:11:27.111Z"
"cmoecypaf003af1jcmm53t92s","cmoecyp9p0035f1jcqgbsajyi","cmoecyotr000hf1jcjt49goml",4,"2026-04-25T13:11:27.111Z"
"cmoecypaf003bf1jc7uivkt53","cmoecyp9p0035f1jcqgbsajyi","cmoecyotw000jf1jc5ttuthae",4,"2026-04-25T13:11:27.111Z"
"cmoecypaf003cf1jcxssy1w2h","cmoecyp9p0035f1jcqgbsajyi","cmoecyou2000lf1jc4qzd468r",3,"2026-04-25T13:11:27.111Z"
"cmoecypaf003df1jcaox9dk2k","cmoecyp9p0035f1jcqgbsajyi","cmoecyou9000nf1jco1pxt52l",3,"2026-04-25T13:11:27.111Z"
"cmoecypaf003ef1jc39vzy1th","cmoecyp9p0035f1jcqgbsajyi","cmoecyouf000pf1jcz7jx8q8t",3,"2026-04-25T13:11:27.111Z"
"cmoecypaf003ff1jckfn46i80","cmoecyp9p0035f1jcqgbsajyi","cmoecyoun000rf1jc1bma24m3",4,"2026-04-25T13:11:27.111Z"
"cmoecypaf003gf1jcqi86slyn","cmoecyp9p0035f1jcqgbsajyi","cmoecyout000tf1jcxacpjlb8",4,"2026-04-25T13:11:27.111Z"
"cmoecypaf003hf1jcy5ukzegl","cmoecyp9p0035f1jcqgbsajyi","cmoecyov0000vf1jcebemgszg",4,"2026-04-25T13:11:27.111Z"
"cmoecypaf003if1jc6sa20br4","cmoecyp9p0035f1jcqgbsajyi","cmoecyov8000xf1jcczqq5tig",4,"2026-04-25T13:11:27.111Z"
"cmoecypaf003jf1jc27n9nah4","cmoecyp9p0035f1jcqgbsajyi","cmoecyovf000zf1jc6al9h4xw",4,"2026-04-25T13:11:27.111Z"
"cmoecypaf003kf1jce5289b34","cmoecyp9p0035f1jcqgbsajyi","cmoecyovl0011f1jc20al0cur",5,"2026-04-25T13:11:27.111Z"
"cmoecypaf003lf1jcrk6pzziq","cmoecyp9p0035f1jcqgbsajyi","cmoecyovq0013f1jcwh932esj",3,"2026-04-25T13:11:27.111Z"
"cmoecypaf003mf1jckuayyvcn","cmoecyp9p0035f1jcqgbsajyi","cmoecyovv0015f1jcwn1ix1ku",4,"2026-04-25T13:11:27.111Z"
"cmoecypaf003nf1jc13l29756","cmoecyp9p0035f1jcqgbsajyi","cmoecyow10017f1jckvt6jy48",4,"2026-04-25T13:11:27.111Z"
"cmoecypaf003of1jcl1ycbwqc","cmoecyp9p0035f1jcqgbsajyi","cmoecyow70019f1jcghkdnibp",4,"2026-04-25T13:11:27.111Z"
"cmoecypaf003pf1jcq4orgjtr","cmoecyp9p0035f1jcqgbsajyi","cmoecyowe001bf1jc147lay2z",4,"2026-04-25T13:11:27.111Z"
"cmoecypaf003qf1jc2ht252yy","cmoecyp9p0035f1jcqgbsajyi","cmoecyowk001df1jcitlpfot4",4,"2026-04-25T13:11:27.111Z"
"cmoecypaf003rf1jcgfdmych6","cmoecyp9p0035f1jcqgbsajyi","cmoecyowr001ff1jcvai6ub9l",3,"2026-04-25T13:11:27.111Z"
"cmoecypaf003sf1jc4gzeozt9","cmoecyp9p0035f1jcqgbsajyi","cmoecyowx001hf1jcitibv2kc",4,"2026-04-25T13:11:27.111Z"
"cmoecypaf003tf1jcymiyrn0n","cmoecyp9p0035f1jcqgbsajyi","cmoecyox2001jf1jcxlmrbsix",3,"2026-04-25T13:11:27.111Z"
"cmoecypaf003uf1jcptoa9r9e","cmoecyp9p0035f1jcqgbsajyi","cmoecyox8001lf1jclaojl3u4",3,"2026-04-25T13:11:27.111Z"
"cmoecypaf003vf1jclcstn0vb","cmoecyp9p0035f1jcqgbsajyi","cmoecyoxf001nf1jcpcn43q2h",4,"2026-04-25T13:11:27.111Z"
"cmoecypaf003wf1jcvtevginh","cmoecyp9p0035f1jcqgbsajyi","cmoecyoxm001pf1jck372pscl",3,"2026-04-25T13:11:27.111Z"
"cmoecypbq0041f1jc5zsim2c3","cmoecypbe0040f1jck1leigec","cmoecyosy0009f1jcnyjiqtrv",3,"2026-04-25T13:11:27.159Z"
"cmoecypbq0042f1jcbz8syzio","cmoecypbe0040f1jck1leigec","cmoecyot5000bf1jcz72lbhd2",4,"2026-04-25T13:11:27.159Z"
"cmoecypbq0043f1jckb7h7951","cmoecypbe0040f1jck1leigec","cmoecyotd000df1jc6lsgcq0q",3,"2026-04-25T13:11:27.159Z"
"cmoecypbq0044f1jcbixwokv6","cmoecypbe0040f1jck1leigec","cmoecyotj000ff1jcdbezkhdn",3,"2026-04-25T13:11:27.159Z"
"cmoecypbq0045f1jc2s12cvk1","cmoecypbe0040f1jck1leigec","cmoecyotr000hf1jcjt49goml",3,"2026-04-25T13:11:27.159Z"
"cmoecypbq0046f1jc5jqavxnr","cmoecypbe0040f1jck1leigec","cmoecyotw000jf1jc5ttuthae",3,"2026-04-25T13:11:27.159Z"
"cmoecypbq0047f1jcdh7fy9m5","cmoecypbe0040f1jck1leigec","cmoecyou2000lf1jc4qzd468r",3,"2026-04-25T13:11:27.159Z"
"cmoecypbq0048f1jcd1bkfmu1","cmoecypbe0040f1jck1leigec","cmoecyou9000nf1jco1pxt52l",4,"2026-04-25T13:11:27.159Z"
"cmoecypbq0049f1jcivftvo9k","cmoecypbe0040f1jck1leigec","cmoecyouf000pf1jcz7jx8q8t",4,"2026-04-25T13:11:27.159Z"
"cmoecypbq004af1jcbwlp2qer","cmoecypbe0040f1jck1leigec","cmoecyoun000rf1jc1bma24m3",4,"2026-04-25T13:11:27.159Z"
"cmoecypbq004bf1jcp7s51gbm","cmoecypbe0040f1jck1leigec","cmoecyout000tf1jcxacpjlb8",4,"2026-04-25T13:11:27.159Z"
"cmoecypbq004cf1jcprcrcqcn","cmoecypbe0040f1jck1leigec","cmoecyov0000vf1jcebemgszg",3,"2026-04-25T13:11:27.159Z"
"cmoecypbq004df1jcyue6npvh","cmoecypbe0040f1jck1leigec","cmoecyov8000xf1jcczqq5tig",3,"2026-04-25T13:11:27.159Z"
"cmoecypbq004ef1jc59i9rkt3","cmoecypbe0040f1jck1leigec","cmoecyovf000zf1jc6al9h4xw",4,"2026-04-25T13:11:27.159Z"
"cmoecypbq004ff1jc9y0upla2","cmoecypbe0040f1jck1leigec","cmoecyovl0011f1jc20al0cur",4,"2026-04-25T13:11:27.159Z"
"cmoecypbq004gf1jcp169env0","cmoecypbe0040f1jck1leigec","cmoecyovq0013f1jcwh932esj",3,"2026-04-25T13:11:27.159Z"
"cmoecypbq004hf1jct9yh08ib","cmoecypbe0040f1jck1leigec","cmoecyovv0015f1jcwn1ix1ku",4,"2026-04-25T13:11:27.159Z"
"cmoecypbq004if1jcdjh0tvm9","cmoecypbe0040f1jck1leigec","cmoecyow10017f1jckvt6jy48",4,"2026-04-25T13:11:27.159Z"
"cmoecypbq004jf1jcmbn71vsh","cmoecypbe0040f1jck1leigec","cmoecyow70019f1jcghkdnibp",4,"2026-04-25T13:11:27.159Z"
"cmoecypbq004kf1jcjn2fq0vq","cmoecypbe0040f1jck1leigec","cmoecyowe001bf1jc147lay2z",4,"2026-04-25T13:11:27.159Z"
"cmoecypbq004lf1jc4ywxa9ku","cmoecypbe0040f1jck1leigec","cmoecyowk001df1jcitlpfot4",3,"2026-04-25T13:11:27.159Z"
"cmoecypbq004mf1jc2vc4rrpd","cmoecypbe0040f1jck1leigec","cmoecyowr001ff1jcvai6ub9l",3,"2026-04-25T13:11:27.159Z"
"cmoecypbq004nf1jchhiac4d8","cmoecypbe0040f1jck1leigec","cmoecyowx001hf1jcitibv2kc",4,"2026-04-25T13:11:27.159Z"
"cmoecypbr004of1jc5wd15xq9","cmoecypbe0040f1jck1leigec","cmoecyox2001jf1jcxlmrbsix",3,"2026-04-25T13:11:27.159Z"
"cmoecypbr004pf1jc4a1cbigp","cmoecypbe0040f1jck1leigec","cmoecyox8001lf1jclaojl3u4",4,"2026-04-25T13:11:27.159Z"
"cmoecypbr004qf1jcqcjuyy3b","cmoecypbe0040f1jck1leigec","cmoecyoxf001nf1jcpcn43q2h",3,"2026-04-25T13:11:27.159Z"
"cmoecypbr004rf1jcu8c4hrrw","cmoecypbe0040f1jck1leigec","cmoecyoxm001pf1jck372pscl",4,"2026-04-25T13:11:27.159Z"
"cmoecypcf004wf1jcy7pi80vk","cmoecypc5004vf1jcwvgj9ae2","cmoecyosy0009f1jcnyjiqtrv",3,"2026-04-25T13:11:27.183Z"
"cmoecypcf004xf1jcci67muka","cmoecypc5004vf1jcwvgj9ae2","cmoecyot5000bf1jcz72lbhd2",4,"2026-04-25T13:11:27.183Z"
"cmoecypcf004yf1jc7r3wp54p","cmoecypc5004vf1jcwvgj9ae2","cmoecyotd000df1jc6lsgcq0q",4,"2026-04-25T13:11:27.183Z"
"cmoecypcf004zf1jcn1kywium","cmoecypc5004vf1jcwvgj9ae2","cmoecyotj000ff1jcdbezkhdn",4,"2026-04-25T13:11:27.183Z"
"cmoecypcf0050f1jcth2lc8vu","cmoecypc5004vf1jcwvgj9ae2","cmoecyotr000hf1jcjt49goml",3,"2026-04-25T13:11:27.183Z"
"cmoecypcf0051f1jc29samtey","cmoecypc5004vf1jcwvgj9ae2","cmoecyotw000jf1jc5ttuthae",4,"2026-04-25T13:11:27.183Z"
"cmoecypcf0052f1jcsborte85","cmoecypc5004vf1jcwvgj9ae2","cmoecyou2000lf1jc4qzd468r",4,"2026-04-25T13:11:27.183Z"
"cmoecypcf0053f1jczddm8egw","cmoecypc5004vf1jcwvgj9ae2","cmoecyou9000nf1jco1pxt52l",4,"2026-04-25T13:11:27.183Z"
"cmoecypcf0054f1jc9aki3i4u","cmoecypc5004vf1jcwvgj9ae2","cmoecyouf000pf1jcz7jx8q8t",4,"2026-04-25T13:11:27.183Z"
"cmoecypcf0055f1jczyuhldt5","cmoecypc5004vf1jcwvgj9ae2","cmoecyoun000rf1jc1bma24m3",4,"2026-04-25T13:11:27.183Z"
"cmoecypcf0056f1jciu61xwxk","cmoecypc5004vf1jcwvgj9ae2","cmoecyout000tf1jcxacpjlb8",4,"2026-04-25T13:11:27.183Z"
"cmoecypcf0057f1jckd5r9izc","cmoecypc5004vf1jcwvgj9ae2","cmoecyov0000vf1jcebemgszg",3,"2026-04-25T13:11:27.183Z"
"cmoecypcf0058f1jcux6twif6","cmoecypc5004vf1jcwvgj9ae2","cmoecyov8000xf1jcczqq5tig",3,"2026-04-25T13:11:27.183Z"
"cmoecypcf0059f1jcruy38hv9","cmoecypc5004vf1jcwvgj9ae2","cmoecyovf000zf1jc6al9h4xw",3,"2026-04-25T13:11:27.183Z"
"cmoecypcf005af1jc6kq2wme8","cmoecypc5004vf1jcwvgj9ae2","cmoecyovl0011f1jc20al0cur",4,"2026-04-25T13:11:27.183Z"
"cmoecypcf005bf1jcl65xtbfu","cmoecypc5004vf1jcwvgj9ae2","cmoecyovq0013f1jcwh932esj",5,"2026-04-25T13:11:27.183Z"
"cmoecypcf005cf1jc6xvgzsd4","cmoecypc5004vf1jcwvgj9ae2","cmoecyovv0015f1jcwn1ix1ku",4,"2026-04-25T13:11:27.183Z"
"cmoecypcf005df1jc2o6n4r8p","cmoecypc5004vf1jcwvgj9ae2","cmoecyow10017f1jckvt6jy48",4,"2026-04-25T13:11:27.183Z"
"cmoecypcf005ef1jc4ylgjtoc","cmoecypc5004vf1jcwvgj9ae2","cmoecyow70019f1jcghkdnibp",4,"2026-04-25T13:11:27.183Z"
"cmoecypcf005ff1jc6ihfcrnv","cmoecypc5004vf1jcwvgj9ae2","cmoecyowe001bf1jc147lay2z",5,"2026-04-25T13:11:27.183Z"
"cmoecypcf005gf1jclylus183","cmoecypc5004vf1jcwvgj9ae2","cmoecyowk001df1jcitlpfot4",4,"2026-04-25T13:11:27.183Z"
"cmoecypcf005hf1jcpaj1bee5","cmoecypc5004vf1jcwvgj9ae2","cmoecyowr001ff1jcvai6ub9l",4,"2026-04-25T13:11:27.183Z"
"cmoecypcf005if1jcdzkxnlye","cmoecypc5004vf1jcwvgj9ae2","cmoecyowx001hf1jcitibv2kc",4,"2026-04-25T13:11:27.183Z"
"cmoecypcf005jf1jctrodb97m","cmoecypc5004vf1jcwvgj9ae2","cmoecyox2001jf1jcxlmrbsix",4,"2026-04-25T13:11:27.183Z"
"cmoecypcf005kf1jc8pm9zdfh","cmoecypc5004vf1jcwvgj9ae2","cmoecyox8001lf1jclaojl3u4",4,"2026-04-25T13:11:27.183Z"
"cmoecypcf005lf1jc2sinukky","cmoecypc5004vf1jcwvgj9ae2","cmoecyoxf001nf1jcpcn43q2h",3,"2026-04-25T13:11:27.183Z"
"cmoecypcf005mf1jcks55xd3z","cmoecypc5004vf1jcwvgj9ae2","cmoecyoxm001pf1jck372pscl",4,"2026-04-25T13:11:27.183Z"
"cmoecypd4005rf1jcn46uz5lq","cmoecypcx005qf1jcl2sxcfxa","cmoecyosy0009f1jcnyjiqtrv",4,"2026-04-25T13:11:27.209Z"
"cmoecypd4005sf1jcdnquy8k2","cmoecypcx005qf1jcl2sxcfxa","cmoecyot5000bf1jcz72lbhd2",3,"2026-04-25T13:11:27.209Z"
"cmoecypd4005tf1jc5vrpr18v","cmoecypcx005qf1jcl2sxcfxa","cmoecyotd000df1jc6lsgcq0q",4,"2026-04-25T13:11:27.209Z"
"cmoecypd4005uf1jcozw0pupd","cmoecypcx005qf1jcl2sxcfxa","cmoecyotj000ff1jcdbezkhdn",4,"2026-04-25T13:11:27.209Z"
"cmoecypd4005vf1jcmhna2crb","cmoecypcx005qf1jcl2sxcfxa","cmoecyotr000hf1jcjt49goml",3,"2026-04-25T13:11:27.209Z"
"cmoecypd4005wf1jcizhceocg","cmoecypcx005qf1jcl2sxcfxa","cmoecyotw000jf1jc5ttuthae",3,"2026-04-25T13:11:27.209Z"
"cmoecypd4005xf1jc8jo5t3qq","cmoecypcx005qf1jcl2sxcfxa","cmoecyou2000lf1jc4qzd468r",4,"2026-04-25T13:11:27.209Z"
"cmoecypd4005yf1jc2dpudgm9","cmoecypcx005qf1jcl2sxcfxa","cmoecyou9000nf1jco1pxt52l",4,"2026-04-25T13:11:27.209Z"
"cmoecypd4005zf1jcgi5xp0hn","cmoecypcx005qf1jcl2sxcfxa","cmoecyouf000pf1jcz7jx8q8t",4,"2026-04-25T13:11:27.209Z"
"cmoecypd40060f1jca8rmyg2x","cmoecypcx005qf1jcl2sxcfxa","cmoecyoun000rf1jc1bma24m3",3,"2026-04-25T13:11:27.209Z"
"cmoecypd50061f1jcaa2e0wut","cmoecypcx005qf1jcl2sxcfxa","cmoecyout000tf1jcxacpjlb8",3,"2026-04-25T13:11:27.209Z"
"cmoecypd50062f1jc8rs7oh3v","cmoecypcx005qf1jcl2sxcfxa","cmoecyov0000vf1jcebemgszg",4,"2026-04-25T13:11:27.209Z"
"cmoecypd50063f1jc2hsywrzo","cmoecypcx005qf1jcl2sxcfxa","cmoecyov8000xf1jcczqq5tig",3,"2026-04-25T13:11:27.209Z"
"cmoecypd50064f1jcigg654ql","cmoecypcx005qf1jcl2sxcfxa","cmoecyovf000zf1jc6al9h4xw",4,"2026-04-25T13:11:27.209Z"
"cmoecypd50065f1jcddw38mhj","cmoecypcx005qf1jcl2sxcfxa","cmoecyovl0011f1jc20al0cur",4,"2026-04-25T13:11:27.209Z"
"cmoecypd50066f1jcn93oweou","cmoecypcx005qf1jcl2sxcfxa","cmoecyovq0013f1jcwh932esj",3,"2026-04-25T13:11:27.209Z"
"cmoecypd50067f1jc7sqg2qaf","cmoecypcx005qf1jcl2sxcfxa","cmoecyovv0015f1jcwn1ix1ku",4,"2026-04-25T13:11:27.209Z"
"cmoecypd50068f1jcrxjs4r6j","cmoecypcx005qf1jcl2sxcfxa","cmoecyow10017f1jckvt6jy48",3,"2026-04-25T13:11:27.209Z"
"cmoecypd50069f1jcfcd9gr4z","cmoecypcx005qf1jcl2sxcfxa","cmoecyow70019f1jcghkdnibp",4,"2026-04-25T13:11:27.209Z"
"cmoecypd5006af1jcur8jyzff","cmoecypcx005qf1jcl2sxcfxa","cmoecyowe001bf1jc147lay2z",4,"2026-04-25T13:11:27.209Z"
"cmoecypd5006bf1jc3z39hzg2","cmoecypcx005qf1jcl2sxcfxa","cmoecyowk001df1jcitlpfot4",3,"2026-04-25T13:11:27.209Z"
"cmoecypd5006cf1jcf36o9k1c","cmoecypcx005qf1jcl2sxcfxa","cmoecyowr001ff1jcvai6ub9l",3,"2026-04-25T13:11:27.209Z"
"cmoecypd5006df1jc08g1hn1k","cmoecypcx005qf1jcl2sxcfxa","cmoecyowx001hf1jcitibv2kc",3,"2026-04-25T13:11:27.209Z"
"cmoecypd5006ef1jc1i34rsm4","cmoecypcx005qf1jcl2sxcfxa","cmoecyox2001jf1jcxlmrbsix",3,"2026-04-25T13:11:27.209Z"
"cmoecypd5006ff1jc2b92w0j4","cmoecypcx005qf1jcl2sxcfxa","cmoecyox8001lf1jclaojl3u4",3,"2026-04-25T13:11:27.209Z"
"cmoecypd5006gf1jc5xdx1b3l","cmoecypcx005qf1jcl2sxcfxa","cmoecyoxf001nf1jcpcn43q2h",3,"2026-04-25T13:11:27.209Z"
"cmoecypd5006hf1jc6mhwqsf8","cmoecypcx005qf1jcl2sxcfxa","cmoecyoxm001pf1jck372pscl",3,"2026-04-25T13:11:27.209Z"
"cmoecypds006mf1jcxt2et6x5","cmoecypdk006lf1jctenz0mlk","cmoecyosy0009f1jcnyjiqtrv",4,"2026-04-25T13:11:27.232Z"
"cmoecypds006nf1jcmr2sxdgg","cmoecypdk006lf1jctenz0mlk","cmoecyot5000bf1jcz72lbhd2",3,"2026-04-25T13:11:27.232Z"
"cmoecypds006of1jcj70xtftl","cmoecypdk006lf1jctenz0mlk","cmoecyotd000df1jc6lsgcq0q",4,"2026-04-25T13:11:27.232Z"
"cmoecypds006pf1jc0454vby7","cmoecypdk006lf1jctenz0mlk","cmoecyotj000ff1jcdbezkhdn",4,"2026-04-25T13:11:27.232Z"
"cmoecypds006qf1jc1g9ctczl","cmoecypdk006lf1jctenz0mlk","cmoecyotr000hf1jcjt49goml",3,"2026-04-25T13:11:27.232Z"
"cmoecypds006rf1jc17xweol0","cmoecypdk006lf1jctenz0mlk","cmoecyotw000jf1jc5ttuthae",4,"2026-04-25T13:11:27.232Z"
"cmoecypds006sf1jczlu5si22","cmoecypdk006lf1jctenz0mlk","cmoecyou2000lf1jc4qzd468r",3,"2026-04-25T13:11:27.232Z"
"cmoecypds006tf1jc14x8rrj1","cmoecypdk006lf1jctenz0mlk","cmoecyou9000nf1jco1pxt52l",4,"2026-04-25T13:11:27.232Z"
"cmoecypds006uf1jc9zc5jl1r","cmoecypdk006lf1jctenz0mlk","cmoecyouf000pf1jcz7jx8q8t",4,"2026-04-25T13:11:27.232Z"
"cmoecypds006vf1jc0cz56nak","cmoecypdk006lf1jctenz0mlk","cmoecyoun000rf1jc1bma24m3",4,"2026-04-25T13:11:27.232Z"
"cmoecypds006wf1jc3yxxpazh","cmoecypdk006lf1jctenz0mlk","cmoecyout000tf1jcxacpjlb8",3,"2026-04-25T13:11:27.232Z"
"cmoecypds006xf1jcj0dfhgok","cmoecypdk006lf1jctenz0mlk","cmoecyov0000vf1jcebemgszg",3,"2026-04-25T13:11:27.232Z"
"cmoecypds006yf1jcp7n3ypng","cmoecypdk006lf1jctenz0mlk","cmoecyov8000xf1jcczqq5tig",4,"2026-04-25T13:11:27.232Z"
"cmoecypds006zf1jchih037uc","cmoecypdk006lf1jctenz0mlk","cmoecyovf000zf1jc6al9h4xw",4,"2026-04-25T13:11:27.232Z"
"cmoecypds0070f1jc9b9n6lcn","cmoecypdk006lf1jctenz0mlk","cmoecyovl0011f1jc20al0cur",4,"2026-04-25T13:11:27.232Z"
"cmoecypds0071f1jc32ji0d7e","cmoecypdk006lf1jctenz0mlk","cmoecyovq0013f1jcwh932esj",4,"2026-04-25T13:11:27.232Z"
"cmoecypds0072f1jc3f9m2288","cmoecypdk006lf1jctenz0mlk","cmoecyovv0015f1jcwn1ix1ku",3,"2026-04-25T13:11:27.232Z"
"cmoecypds0073f1jc2bal3o1f","cmoecypdk006lf1jctenz0mlk","cmoecyow10017f1jckvt6jy48",4,"2026-04-25T13:11:27.232Z"
"cmoecypds0074f1jc3t2jd3mc","cmoecypdk006lf1jctenz0mlk","cmoecyow70019f1jcghkdnibp",3,"2026-04-25T13:11:27.232Z"
"cmoecypds0075f1jc96qzn7zc","cmoecypdk006lf1jctenz0mlk","cmoecyowe001bf1jc147lay2z",3,"2026-04-25T13:11:27.232Z"
"cmoecypds0076f1jcysp3t3tv","cmoecypdk006lf1jctenz0mlk","cmoecyowk001df1jcitlpfot4",4,"2026-04-25T13:11:27.232Z"
"cmoecypds0077f1jcqnrl2zs3","cmoecypdk006lf1jctenz0mlk","cmoecyowr001ff1jcvai6ub9l",4,"2026-04-25T13:11:27.232Z"
"cmoecypds0078f1jcmi6xb8kg","cmoecypdk006lf1jctenz0mlk","cmoecyowx001hf1jcitibv2kc",4,"2026-04-25T13:11:27.232Z"
"cmoecypds0079f1jcdih527n0","cmoecypdk006lf1jctenz0mlk","cmoecyox2001jf1jcxlmrbsix",3,"2026-04-25T13:11:27.232Z"
"cmoecypds007af1jcki2uvfk9","cmoecypdk006lf1jctenz0mlk","cmoecyox8001lf1jclaojl3u4",4,"2026-04-25T13:11:27.232Z"
"cmoecypds007bf1jchrbqaghu","cmoecypdk006lf1jctenz0mlk","cmoecyoxf001nf1jcpcn43q2h",4,"2026-04-25T13:11:27.232Z"
"cmoecypds007cf1jco8zl5cxo","cmoecypdk006lf1jctenz0mlk","cmoecyoxm001pf1jck372pscl",3,"2026-04-25T13:11:27.232Z"
"cmoecypec007hf1jctosy7ykq","cmoecype6007gf1jcidsm4sjl","cmoecyosy0009f1jcnyjiqtrv",5,"2026-04-25T13:11:27.252Z"
"cmoecypec007if1jc2mse1x52","cmoecype6007gf1jcidsm4sjl","cmoecyot5000bf1jcz72lbhd2",5,"2026-04-25T13:11:27.252Z"
"cmoecypec007jf1jc2zrzioa3","cmoecype6007gf1jcidsm4sjl","cmoecyotd000df1jc6lsgcq0q",4,"2026-04-25T13:11:27.252Z"
"cmoecypec007kf1jc10zlin7h","cmoecype6007gf1jcidsm4sjl","cmoecyotj000ff1jcdbezkhdn",4,"2026-04-25T13:11:27.252Z"
"cmoecypec007lf1jc9wmr5o2q","cmoecype6007gf1jcidsm4sjl","cmoecyotr000hf1jcjt49goml",4,"2026-04-25T13:11:27.252Z"
"cmoecypec007mf1jcc1p02b4m","cmoecype6007gf1jcidsm4sjl","cmoecyotw000jf1jc5ttuthae",4,"2026-04-25T13:11:27.252Z"
"cmoecypec007nf1jcyszpwuxt","cmoecype6007gf1jcidsm4sjl","cmoecyou2000lf1jc4qzd468r",5,"2026-04-25T13:11:27.252Z"
"cmoecypec007of1jc2z2xm69c","cmoecype6007gf1jcidsm4sjl","cmoecyou9000nf1jco1pxt52l",5,"2026-04-25T13:11:27.252Z"
"cmoecypec007pf1jc0gein2s7","cmoecype6007gf1jcidsm4sjl","cmoecyouf000pf1jcz7jx8q8t",4,"2026-04-25T13:11:27.252Z"
"cmoecypec007qf1jcgbd7e28z","cmoecype6007gf1jcidsm4sjl","cmoecyoun000rf1jc1bma24m3",5,"2026-04-25T13:11:27.252Z"
"cmoecypec007rf1jcpezfch0z","cmoecype6007gf1jcidsm4sjl","cmoecyout000tf1jcxacpjlb8",5,"2026-04-25T13:11:27.252Z"
"cmoecypec007sf1jcl6v5i37c","cmoecype6007gf1jcidsm4sjl","cmoecyov0000vf1jcebemgszg",4,"2026-04-25T13:11:27.252Z"
"cmoecypec007tf1jczq14r537","cmoecype6007gf1jcidsm4sjl","cmoecyov8000xf1jcczqq5tig",5,"2026-04-25T13:11:27.252Z"
"cmoecypec007uf1jcs8esc12q","cmoecype6007gf1jcidsm4sjl","cmoecyovf000zf1jc6al9h4xw",5,"2026-04-25T13:11:27.252Z"
"cmoecypec007vf1jcl7ovgawo","cmoecype6007gf1jcidsm4sjl","cmoecyovl0011f1jc20al0cur",5,"2026-04-25T13:11:27.252Z"
"cmoecypec007wf1jccwgtp0k7","cmoecype6007gf1jcidsm4sjl","cmoecyovq0013f1jcwh932esj",5,"2026-04-25T13:11:27.252Z"
"cmoecypec007xf1jc8iwuhsnc","cmoecype6007gf1jcidsm4sjl","cmoecyovv0015f1jcwn1ix1ku",5,"2026-04-25T13:11:27.252Z"
"cmoecypec007yf1jce5n2nycf","cmoecype6007gf1jcidsm4sjl","cmoecyow10017f1jckvt6jy48",4,"2026-04-25T13:11:27.252Z"
"cmoecypec007zf1jcc40u9j0y","cmoecype6007gf1jcidsm4sjl","cmoecyow70019f1jcghkdnibp",5,"2026-04-25T13:11:27.252Z"
"cmoecypec0080f1jcqvwyqtzs","cmoecype6007gf1jcidsm4sjl","cmoecyowe001bf1jc147lay2z",4,"2026-04-25T13:11:27.252Z"
"cmoecypec0081f1jc44vm4lfo","cmoecype6007gf1jcidsm4sjl","cmoecyowk001df1jcitlpfot4",5,"2026-04-25T13:11:27.252Z"
"cmoecypec0082f1jcg67j03zs","cmoecype6007gf1jcidsm4sjl","cmoecyowr001ff1jcvai6ub9l",5,"2026-04-25T13:11:27.252Z"
"cmoecypec0083f1jct3oc7ee2","cmoecype6007gf1jcidsm4sjl","cmoecyowx001hf1jcitibv2kc",4,"2026-04-25T13:11:27.252Z"
"cmoecypec0084f1jca4v0wnoi","cmoecype6007gf1jcidsm4sjl","cmoecyox2001jf1jcxlmrbsix",3,"2026-04-25T13:11:27.252Z"
"cmoecypec0085f1jcitkcr7q8","cmoecype6007gf1jcidsm4sjl","cmoecyox8001lf1jclaojl3u4",5,"2026-04-25T13:11:27.252Z"
"cmoecypec0086f1jcsvcz5cdv","cmoecype6007gf1jcidsm4sjl","cmoecyoxf001nf1jcpcn43q2h",4,"2026-04-25T13:11:27.252Z"
"cmoecypec0087f1jc0uiq76it","cmoecype6007gf1jcidsm4sjl","cmoecyoxm001pf1jck372pscl",4,"2026-04-25T13:11:27.252Z"
"cmoecypev008cf1jcmc1wmz2l","cmoecypep008bf1jcluon3xli","cmoecyosy0009f1jcnyjiqtrv",5,"2026-04-25T13:11:27.271Z"
"cmoecypev008df1jco5f0a4nl","cmoecypep008bf1jcluon3xli","cmoecyot5000bf1jcz72lbhd2",5,"2026-04-25T13:11:27.271Z"
"cmoecypev008ef1jcwdtvfd4k","cmoecypep008bf1jcluon3xli","cmoecyotd000df1jc6lsgcq0q",5,"2026-04-25T13:11:27.271Z"
"cmoecypev008ff1jcc8qd0pvm","cmoecypep008bf1jcluon3xli","cmoecyotj000ff1jcdbezkhdn",5,"2026-04-25T13:11:27.271Z"
"cmoecypev008gf1jci7cr5frq","cmoecypep008bf1jcluon3xli","cmoecyotr000hf1jcjt49goml",5,"2026-04-25T13:11:27.271Z"
"cmoecypev008hf1jc8mkmnsc4","cmoecypep008bf1jcluon3xli","cmoecyotw000jf1jc5ttuthae",4,"2026-04-25T13:11:27.271Z"
"cmoecypev008if1jcnkj0j26j","cmoecypep008bf1jcluon3xli","cmoecyou2000lf1jc4qzd468r",5,"2026-04-25T13:11:27.271Z"
"cmoecypev008jf1jch8uv8rlc","cmoecypep008bf1jcluon3xli","cmoecyou9000nf1jco1pxt52l",4,"2026-04-25T13:11:27.271Z"
"cmoecypev008kf1jc0p6qvoze","cmoecypep008bf1jcluon3xli","cmoecyouf000pf1jcz7jx8q8t",4,"2026-04-25T13:11:27.271Z"
"cmoecypev008lf1jcpv7nnot3","cmoecypep008bf1jcluon3xli","cmoecyoun000rf1jc1bma24m3",4,"2026-04-25T13:11:27.271Z"
"cmoecypev008mf1jcwxwulypa","cmoecypep008bf1jcluon3xli","cmoecyout000tf1jcxacpjlb8",5,"2026-04-25T13:11:27.271Z"
"cmoecypev008nf1jcpo238c6c","cmoecypep008bf1jcluon3xli","cmoecyov0000vf1jcebemgszg",5,"2026-04-25T13:11:27.271Z"
"cmoecypev008of1jc3w41d8ka","cmoecypep008bf1jcluon3xli","cmoecyov8000xf1jcczqq5tig",5,"2026-04-25T13:11:27.271Z"
"cmoecypev008pf1jcsxbxev7k","cmoecypep008bf1jcluon3xli","cmoecyovf000zf1jc6al9h4xw",4,"2026-04-25T13:11:27.271Z"
"cmoecypev008qf1jc2hseltxe","cmoecypep008bf1jcluon3xli","cmoecyovl0011f1jc20al0cur",5,"2026-04-25T13:11:27.271Z"
"cmoecypev008rf1jcs814h329","cmoecypep008bf1jcluon3xli","cmoecyovq0013f1jcwh932esj",5,"2026-04-25T13:11:27.271Z"
"cmoecypev008sf1jcjcaolse7","cmoecypep008bf1jcluon3xli","cmoecyovv0015f1jcwn1ix1ku",4,"2026-04-25T13:11:27.271Z"
"cmoecypev008tf1jcy8s5egxf","cmoecypep008bf1jcluon3xli","cmoecyow10017f1jckvt6jy48",5,"2026-04-25T13:11:27.271Z"
"cmoecypev008uf1jcce0u2bxo","cmoecypep008bf1jcluon3xli","cmoecyow70019f1jcghkdnibp",4,"2026-04-25T13:11:27.271Z"
"cmoecypev008vf1jcmrhzxhca","cmoecypep008bf1jcluon3xli","cmoecyowe001bf1jc147lay2z",5,"2026-04-25T13:11:27.271Z"
"cmoecypev008wf1jcpq2k8lxq","cmoecypep008bf1jcluon3xli","cmoecyowk001df1jcitlpfot4",4,"2026-04-25T13:11:27.271Z"
"cmoecypev008xf1jcegwbcrpl","cmoecypep008bf1jcluon3xli","cmoecyowr001ff1jcvai6ub9l",4,"2026-04-25T13:11:27.271Z"
"cmoecypev008yf1jc5m2psre4","cmoecypep008bf1jcluon3xli","cmoecyowx001hf1jcitibv2kc",5,"2026-04-25T13:11:27.271Z"
"cmoecypev008zf1jc4i7psxt9","cmoecypep008bf1jcluon3xli","cmoecyox2001jf1jcxlmrbsix",4,"2026-04-25T13:11:27.271Z"
"cmoecypev0090f1jcx3oq87ax","cmoecypep008bf1jcluon3xli","cmoecyox8001lf1jclaojl3u4",4,"2026-04-25T13:11:27.271Z"
"cmoecypev0091f1jcxh041ok9","cmoecypep008bf1jcluon3xli","cmoecyoxf001nf1jcpcn43q2h",4,"2026-04-25T13:11:27.271Z"
"cmoecypev0092f1jcvzdjf37d","cmoecypep008bf1jcluon3xli","cmoecyoxm001pf1jck372pscl",4,"2026-04-25T13:11:27.271Z"
"cmoecypff0097f1jc1sl0hii8","cmoecypf90096f1jc18piugfj","cmoecyosy0009f1jcnyjiqtrv",4,"2026-04-25T13:11:27.292Z"
"cmoecypff0098f1jczp6gs70v","cmoecypf90096f1jc18piugfj","cmoecyot5000bf1jcz72lbhd2",4,"2026-04-25T13:11:27.292Z"
"cmoecypff0099f1jccr6g2yz1","cmoecypf90096f1jc18piugfj","cmoecyotd000df1jc6lsgcq0q",5,"2026-04-25T13:11:27.292Z"
"cmoecypff009af1jcak3m777h","cmoecypf90096f1jc18piugfj","cmoecyotj000ff1jcdbezkhdn",4,"2026-04-25T13:11:27.292Z"
"cmoecypff009bf1jcfut96bw9","cmoecypf90096f1jc18piugfj","cmoecyotr000hf1jcjt49goml",4,"2026-04-25T13:11:27.292Z"
"cmoecypff009cf1jc7rkzz3nc","cmoecypf90096f1jc18piugfj","cmoecyotw000jf1jc5ttuthae",4,"2026-04-25T13:11:27.292Z"
"cmoecypff009df1jc6fvvbbdl","cmoecypf90096f1jc18piugfj","cmoecyou2000lf1jc4qzd468r",4,"2026-04-25T13:11:27.292Z"
"cmoecypff009ef1jc3tsxi01e","cmoecypf90096f1jc18piugfj","cmoecyou9000nf1jco1pxt52l",5,"2026-04-25T13:11:27.292Z"
"cmoecypff009ff1jc4pyzivgk","cmoecypf90096f1jc18piugfj","cmoecyouf000pf1jcz7jx8q8t",3,"2026-04-25T13:11:27.292Z"
"cmoecypff009gf1jc44ikf7lg","cmoecypf90096f1jc18piugfj","cmoecyoun000rf1jc1bma24m3",4,"2026-04-25T13:11:27.292Z"
"cmoecypff009hf1jcpp44ppc7","cmoecypf90096f1jc18piugfj","cmoecyout000tf1jcxacpjlb8",5,"2026-04-25T13:11:27.292Z"
"cmoecypfg009if1jccutcx632","cmoecypf90096f1jc18piugfj","cmoecyov0000vf1jcebemgszg",5,"2026-04-25T13:11:27.292Z"
"cmoecypfg009jf1jc9oaajua4","cmoecypf90096f1jc18piugfj","cmoecyov8000xf1jcczqq5tig",4,"2026-04-25T13:11:27.292Z"
"cmoecypfg009kf1jcu2xwwbn0","cmoecypf90096f1jc18piugfj","cmoecyovf000zf1jc6al9h4xw",3,"2026-04-25T13:11:27.292Z"
"cmoecypfg009lf1jctmyjazew","cmoecypf90096f1jc18piugfj","cmoecyovl0011f1jc20al0cur",4,"2026-04-25T13:11:27.292Z"
"cmoecypfg009mf1jcip0a5osj","cmoecypf90096f1jc18piugfj","cmoecyovq0013f1jcwh932esj",5,"2026-04-25T13:11:27.292Z"
"cmoecypfg009nf1jccu2ubpml","cmoecypf90096f1jc18piugfj","cmoecyovv0015f1jcwn1ix1ku",4,"2026-04-25T13:11:27.292Z"
"cmoecypfg009of1jcqtay3ymp","cmoecypf90096f1jc18piugfj","cmoecyow10017f1jckvt6jy48",3,"2026-04-25T13:11:27.292Z"
"cmoecypfg009pf1jcz2ko6yio","cmoecypf90096f1jc18piugfj","cmoecyow70019f1jcghkdnibp",5,"2026-04-25T13:11:27.292Z"
"cmoecypfg009qf1jcyr0h3107","cmoecypf90096f1jc18piugfj","cmoecyowe001bf1jc147lay2z",4,"2026-04-25T13:11:27.292Z"
"cmoecypfg009rf1jc7p791mzw","cmoecypf90096f1jc18piugfj","cmoecyowk001df1jcitlpfot4",4,"2026-04-25T13:11:27.292Z"
"cmoecypfg009sf1jcthrswhd0","cmoecypf90096f1jc18piugfj","cmoecyowr001ff1jcvai6ub9l",4,"2026-04-25T13:11:27.292Z"
"cmoecypfg009tf1jcegy75pcc","cmoecypf90096f1jc18piugfj","cmoecyowx001hf1jcitibv2kc",4,"2026-04-25T13:11:27.292Z"
"cmoecypfg009uf1jc4anpzxkt","cmoecypf90096f1jc18piugfj","cmoecyox2001jf1jcxlmrbsix",3,"2026-04-25T13:11:27.292Z"
"cmoecypfg009vf1jc84e87fnm","cmoecypf90096f1jc18piugfj","cmoecyox8001lf1jclaojl3u4",3,"2026-04-25T13:11:27.292Z"
"cmoecypfg009wf1jcfn971fvv","cmoecypf90096f1jc18piugfj","cmoecyoxf001nf1jcpcn43q2h",5,"2026-04-25T13:11:27.292Z"
"cmoecypfg009xf1jcli2r1u3q","cmoecypf90096f1jc18piugfj","cmoecyoxm001pf1jck372pscl",4,"2026-04-25T13:11:27.292Z"
"cmoecypfx00a2f1jc1ijnfb7o","cmoecypfs00a1f1jc5fodh827","cmoecyosy0009f1jcnyjiqtrv",3,"2026-04-25T13:11:27.310Z"
"cmoecypfx00a3f1jcruz28hc4","cmoecypfs00a1f1jc5fodh827","cmoecyot5000bf1jcz72lbhd2",4,"2026-04-25T13:11:27.310Z"
"cmoecypfx00a4f1jc98z5njni","cmoecypfs00a1f1jc5fodh827","cmoecyotd000df1jc6lsgcq0q",3,"2026-04-25T13:11:27.310Z"
"cmoecypfx00a5f1jc67yeolns","cmoecypfs00a1f1jc5fodh827","cmoecyotj000ff1jcdbezkhdn",3,"2026-04-25T13:11:27.310Z"
"cmoecypfx00a6f1jco7ukqvyo","cmoecypfs00a1f1jc5fodh827","cmoecyotr000hf1jcjt49goml",3,"2026-04-25T13:11:27.310Z"
"cmoecypfx00a7f1jctxoz22nc","cmoecypfs00a1f1jc5fodh827","cmoecyotw000jf1jc5ttuthae",3,"2026-04-25T13:11:27.310Z"
"cmoecypfx00a8f1jc7kr7t4s4","cmoecypfs00a1f1jc5fodh827","cmoecyou2000lf1jc4qzd468r",3,"2026-04-25T13:11:27.310Z"
"cmoecypfx00a9f1jcdvugenzz","cmoecypfs00a1f1jc5fodh827","cmoecyou9000nf1jco1pxt52l",3,"2026-04-25T13:11:27.310Z"
"cmoecypfx00aaf1jcfgjr07dw","cmoecypfs00a1f1jc5fodh827","cmoecyouf000pf1jcz7jx8q8t",4,"2026-04-25T13:11:27.310Z"
"cmoecypfx00abf1jcfdb3ijam","cmoecypfs00a1f1jc5fodh827","cmoecyoun000rf1jc1bma24m3",4,"2026-04-25T13:11:27.310Z"
"cmoecypfx00acf1jcwlw2l362","cmoecypfs00a1f1jc5fodh827","cmoecyout000tf1jcxacpjlb8",3,"2026-04-25T13:11:27.310Z"
"cmoecypfx00adf1jcuotx3zdc","cmoecypfs00a1f1jc5fodh827","cmoecyov0000vf1jcebemgszg",4,"2026-04-25T13:11:27.310Z"
"cmoecypfx00aef1jc7hcvg091","cmoecypfs00a1f1jc5fodh827","cmoecyov8000xf1jcczqq5tig",3,"2026-04-25T13:11:27.310Z"
"cmoecypfx00aff1jc4vhzjggy","cmoecypfs00a1f1jc5fodh827","cmoecyovf000zf1jc6al9h4xw",4,"2026-04-25T13:11:27.310Z"
"cmoecypfx00agf1jc0xuaasvd","cmoecypfs00a1f1jc5fodh827","cmoecyovl0011f1jc20al0cur",4,"2026-04-25T13:11:27.310Z"
"cmoecypfx00ahf1jcck187go8","cmoecypfs00a1f1jc5fodh827","cmoecyovq0013f1jcwh932esj",4,"2026-04-25T13:11:27.310Z"
"cmoecypfx00aif1jc3avsahcu","cmoecypfs00a1f1jc5fodh827","cmoecyovv0015f1jcwn1ix1ku",3,"2026-04-25T13:11:27.310Z"
"cmoecypfx00ajf1jcy6i9gabi","cmoecypfs00a1f1jc5fodh827","cmoecyow10017f1jckvt6jy48",3,"2026-04-25T13:11:27.310Z"
"cmoecypfx00akf1jcfncltaq0","cmoecypfs00a1f1jc5fodh827","cmoecyow70019f1jcghkdnibp",4,"2026-04-25T13:11:27.310Z"
"cmoecypfx00alf1jc9m1v66qt","cmoecypfs00a1f1jc5fodh827","cmoecyowe001bf1jc147lay2z",3,"2026-04-25T13:11:27.310Z"
"cmoecypfx00amf1jcff5zd7q1","cmoecypfs00a1f1jc5fodh827","cmoecyowk001df1jcitlpfot4",4,"2026-04-25T13:11:27.310Z"
"cmoecypfx00anf1jcd4mlo8r9","cmoecypfs00a1f1jc5fodh827","cmoecyowr001ff1jcvai6ub9l",4,"2026-04-25T13:11:27.310Z"
"cmoecypfx00aof1jcyi76h2xt","cmoecypfs00a1f1jc5fodh827","cmoecyowx001hf1jcitibv2kc",3,"2026-04-25T13:11:27.310Z"
"cmoecypfx00apf1jcpxmfpx4l","cmoecypfs00a1f1jc5fodh827","cmoecyox2001jf1jcxlmrbsix",3,"2026-04-25T13:11:27.310Z"
"cmoecypfx00aqf1jcdfmi97kz","cmoecypfs00a1f1jc5fodh827","cmoecyox8001lf1jclaojl3u4",3,"2026-04-25T13:11:27.310Z"
"cmoecypfx00arf1jcw5q1uurq","cmoecypfs00a1f1jc5fodh827","cmoecyoxf001nf1jcpcn43q2h",3,"2026-04-25T13:11:27.310Z"
"cmoecypfx00asf1jct8o03tim","cmoecypfs00a1f1jc5fodh827","cmoecyoxm001pf1jck372pscl",3,"2026-04-25T13:11:27.310Z"
"cmoecypgf00axf1jc9f8x8zy1","cmoecypg900awf1jci1uxsv4o","cmoecyosy0009f1jcnyjiqtrv",4,"2026-04-25T13:11:27.328Z"
"cmoecypgf00ayf1jcdazs20zt","cmoecypg900awf1jci1uxsv4o","cmoecyot5000bf1jcz72lbhd2",4,"2026-04-25T13:11:27.328Z"
"cmoecypgf00azf1jcofcf33xc","cmoecypg900awf1jci1uxsv4o","cmoecyotd000df1jc6lsgcq0q",5,"2026-04-25T13:11:27.328Z"
"cmoecypgf00b0f1jctx0vvm2g","cmoecypg900awf1jci1uxsv4o","cmoecyotj000ff1jcdbezkhdn",4,"2026-04-25T13:11:27.328Z"
"cmoecypgf00b1f1jclvi0n451","cmoecypg900awf1jci1uxsv4o","cmoecyotr000hf1jcjt49goml",4,"2026-04-25T13:11:27.328Z"
"cmoecypgf00b2f1jcyk70uyej","cmoecypg900awf1jci1uxsv4o","cmoecyotw000jf1jc5ttuthae",4,"2026-04-25T13:11:27.328Z"
"cmoecypgf00b3f1jcs1mcoq5h","cmoecypg900awf1jci1uxsv4o","cmoecyou2000lf1jc4qzd468r",4,"2026-04-25T13:11:27.328Z"
"cmoecypgf00b4f1jc3x28sqv3","cmoecypg900awf1jci1uxsv4o","cmoecyou9000nf1jco1pxt52l",4,"2026-04-25T13:11:27.328Z"
"cmoecypgf00b5f1jcnctiiwka","cmoecypg900awf1jci1uxsv4o","cmoecyouf000pf1jcz7jx8q8t",5,"2026-04-25T13:11:27.328Z"
"cmoecypgf00b6f1jch1g4hr14","cmoecypg900awf1jci1uxsv4o","cmoecyoun000rf1jc1bma24m3",4,"2026-04-25T13:11:27.328Z"
"cmoecypgf00b7f1jc8yawttxs","cmoecypg900awf1jci1uxsv4o","cmoecyout000tf1jcxacpjlb8",4,"2026-04-25T13:11:27.328Z"
"cmoecypgf00b8f1jc40cveqow","cmoecypg900awf1jci1uxsv4o","cmoecyov0000vf1jcebemgszg",4,"2026-04-25T13:11:27.328Z"
"cmoecypgf00b9f1jcjujvfcqh","cmoecypg900awf1jci1uxsv4o","cmoecyov8000xf1jcczqq5tig",3,"2026-04-25T13:11:27.328Z"
"cmoecypgf00baf1jc9c5pk9ke","cmoecypg900awf1jci1uxsv4o","cmoecyovf000zf1jc6al9h4xw",4,"2026-04-25T13:11:27.328Z"
"cmoecypgf00bbf1jc6ye0f1ck","cmoecypg900awf1jci1uxsv4o","cmoecyovl0011f1jc20al0cur",4,"2026-04-25T13:11:27.328Z"
"cmoecypgf00bcf1jcufoqw9ah","cmoecypg900awf1jci1uxsv4o","cmoecyovq0013f1jcwh932esj",4,"2026-04-25T13:11:27.328Z"
"cmoecypgf00bdf1jc2kfxsyre","cmoecypg900awf1jci1uxsv4o","cmoecyovv0015f1jcwn1ix1ku",5,"2026-04-25T13:11:27.328Z"
"cmoecypgf00bef1jcub3n8i4i","cmoecypg900awf1jci1uxsv4o","cmoecyow10017f1jckvt6jy48",5,"2026-04-25T13:11:27.328Z"
"cmoecypgf00bff1jcq3mfsvfq","cmoecypg900awf1jci1uxsv4o","cmoecyow70019f1jcghkdnibp",5,"2026-04-25T13:11:27.328Z"
"cmoecypgg00bgf1jceyfr9q58","cmoecypg900awf1jci1uxsv4o","cmoecyowe001bf1jc147lay2z",4,"2026-04-25T13:11:27.328Z"
"cmoecypgg00bhf1jcc17mes4r","cmoecypg900awf1jci1uxsv4o","cmoecyowk001df1jcitlpfot4",4,"2026-04-25T13:11:27.328Z"
"cmoecypgg00bif1jcdw0ldmmr","cmoecypg900awf1jci1uxsv4o","cmoecyowr001ff1jcvai6ub9l",3,"2026-04-25T13:11:27.328Z"
"cmoecypgg00bjf1jc11zcakg4","cmoecypg900awf1jci1uxsv4o","cmoecyowx001hf1jcitibv2kc",3,"2026-04-25T13:11:27.328Z"
"cmoecypgg00bkf1jcggunf3hi","cmoecypg900awf1jci1uxsv4o","cmoecyox2001jf1jcxlmrbsix",4,"2026-04-25T13:11:27.328Z"
"cmoecypgg00blf1jc1i1f1g0l","cmoecypg900awf1jci1uxsv4o","cmoecyox8001lf1jclaojl3u4",4,"2026-04-25T13:11:27.328Z"
"cmoecypgg00bmf1jchsogin9g","cmoecypg900awf1jci1uxsv4o","cmoecyoxf001nf1jcpcn43q2h",4,"2026-04-25T13:11:27.328Z"
"cmoecypgg00bnf1jc4gzwmwko","cmoecypg900awf1jci1uxsv4o","cmoecyoxm001pf1jck372pscl",4,"2026-04-25T13:11:27.328Z"
"cmoecyph000bsf1jc7g1gzuij","cmoecypgu00brf1jcmejjn5g7","cmoecyosy0009f1jcnyjiqtrv",4,"2026-04-25T13:11:27.349Z"
"cmoecyph100btf1jcuv2dasvn","cmoecypgu00brf1jcmejjn5g7","cmoecyot5000bf1jcz72lbhd2",5,"2026-04-25T13:11:27.349Z"
"cmoecyph100buf1jcw56srlfq","cmoecypgu00brf1jcmejjn5g7","cmoecyotd000df1jc6lsgcq0q",4,"2026-04-25T13:11:27.349Z"
"cmoecyph100bvf1jce909r9b1","cmoecypgu00brf1jcmejjn5g7","cmoecyotj000ff1jcdbezkhdn",4,"2026-04-25T13:11:27.349Z"
"cmoecyph100bwf1jc03houkq1","cmoecypgu00brf1jcmejjn5g7","cmoecyotr000hf1jcjt49goml",4,"2026-04-25T13:11:27.349Z"
"cmoecyph100bxf1jcxk9xdoxq","cmoecypgu00brf1jcmejjn5g7","cmoecyotw000jf1jc5ttuthae",3,"2026-04-25T13:11:27.349Z"
"cmoecyph100byf1jcnjux5r1d","cmoecypgu00brf1jcmejjn5g7","cmoecyou2000lf1jc4qzd468r",3,"2026-04-25T13:11:27.349Z"
"cmoecyph100bzf1jcvrumugdt","cmoecypgu00brf1jcmejjn5g7","cmoecyou9000nf1jco1pxt52l",3,"2026-04-25T13:11:27.349Z"
"cmoecyph100c0f1jcwxq52drm","cmoecypgu00brf1jcmejjn5g7","cmoecyouf000pf1jcz7jx8q8t",3,"2026-04-25T13:11:27.349Z"
"cmoecyph100c1f1jc9egjmqr6","cmoecypgu00brf1jcmejjn5g7","cmoecyoun000rf1jc1bma24m3",4,"2026-04-25T13:11:27.349Z"
"cmoecyph100c2f1jctkv4xjnp","cmoecypgu00brf1jcmejjn5g7","cmoecyout000tf1jcxacpjlb8",4,"2026-04-25T13:11:27.349Z"
"cmoecyph100c3f1jcmipv2x2j","cmoecypgu00brf1jcmejjn5g7","cmoecyov0000vf1jcebemgszg",4,"2026-04-25T13:11:27.349Z"
"cmoecyph100c4f1jc5cog5voi","cmoecypgu00brf1jcmejjn5g7","cmoecyov8000xf1jcczqq5tig",3,"2026-04-25T13:11:27.349Z"
"cmoecyph100c5f1jccpmw90e1","cmoecypgu00brf1jcmejjn5g7","cmoecyovf000zf1jc6al9h4xw",4,"2026-04-25T13:11:27.349Z"
"cmoecyph100c6f1jcm34sksiq","cmoecypgu00brf1jcmejjn5g7","cmoecyovl0011f1jc20al0cur",4,"2026-04-25T13:11:27.349Z"
"cmoecyph100c7f1jcqvvbnv3a","cmoecypgu00brf1jcmejjn5g7","cmoecyovq0013f1jcwh932esj",4,"2026-04-25T13:11:27.349Z"
"cmoecyph100c8f1jcf0m03xf6","cmoecypgu00brf1jcmejjn5g7","cmoecyovv0015f1jcwn1ix1ku",4,"2026-04-25T13:11:27.349Z"
"cmoecyph100c9f1jcgunef1do","cmoecypgu00brf1jcmejjn5g7","cmoecyow10017f1jckvt6jy48",4,"2026-04-25T13:11:27.349Z"
"cmoecyph100caf1jcyolzmk5e","cmoecypgu00brf1jcmejjn5g7","cmoecyow70019f1jcghkdnibp",4,"2026-04-25T13:11:27.349Z"
"cmoecyph100cbf1jcssdnt6ya","cmoecypgu00brf1jcmejjn5g7","cmoecyowe001bf1jc147lay2z",4,"2026-04-25T13:11:27.349Z"
"cmoecyph100ccf1jc46hk1zqe","cmoecypgu00brf1jcmejjn5g7","cmoecyowk001df1jcitlpfot4",3,"2026-04-25T13:11:27.349Z"
"cmoecyph100cdf1jcd2kjf27o","cmoecypgu00brf1jcmejjn5g7","cmoecyowr001ff1jcvai6ub9l",3,"2026-04-25T13:11:27.349Z"
"cmoecyph100cef1jcq2ukwek5","cmoecypgu00brf1jcmejjn5g7","cmoecyowx001hf1jcitibv2kc",4,"2026-04-25T13:11:27.349Z"
"cmoecyph100cff1jct6jf7ybv","cmoecypgu00brf1jcmejjn5g7","cmoecyox2001jf1jcxlmrbsix",3,"2026-04-25T13:11:27.349Z"
"cmoecyph100cgf1jcycixev5f","cmoecypgu00brf1jcmejjn5g7","cmoecyox8001lf1jclaojl3u4",4,"2026-04-25T13:11:27.349Z"
"cmoecyph100chf1jcv82x5xsi","cmoecypgu00brf1jcmejjn5g7","cmoecyoxf001nf1jcpcn43q2h",4,"2026-04-25T13:11:27.349Z"
"cmoecyph100cif1jc93fu6pzx","cmoecypgu00brf1jcmejjn5g7","cmoecyoxm001pf1jck372pscl",4,"2026-04-25T13:11:27.349Z"
"cmoecyphk00cnf1jc65c21gvu","cmoecyphe00cmf1jc1qbn1fei","cmoecyosy0009f1jcnyjiqtrv",5,"2026-04-25T13:11:27.368Z"
"cmoecyphk00cof1jcqnw7b5eb","cmoecyphe00cmf1jc1qbn1fei","cmoecyot5000bf1jcz72lbhd2",4,"2026-04-25T13:11:27.368Z"
"cmoecyphk00cpf1jcr61xa3m8","cmoecyphe00cmf1jc1qbn1fei","cmoecyotd000df1jc6lsgcq0q",4,"2026-04-25T13:11:27.368Z"
"cmoecyphk00cqf1jcjvbzw07n","cmoecyphe00cmf1jc1qbn1fei","cmoecyotj000ff1jcdbezkhdn",4,"2026-04-25T13:11:27.368Z"
"cmoecyphk00crf1jc1yfnkqsi","cmoecyphe00cmf1jc1qbn1fei","cmoecyotr000hf1jcjt49goml",4,"2026-04-25T13:11:27.368Z"
"cmoecyphk00csf1jcclluu87z","cmoecyphe00cmf1jc1qbn1fei","cmoecyotw000jf1jc5ttuthae",4,"2026-04-25T13:11:27.368Z"
"cmoecyphk00ctf1jc8kapi1d1","cmoecyphe00cmf1jc1qbn1fei","cmoecyou2000lf1jc4qzd468r",4,"2026-04-25T13:11:27.368Z"
"cmoecyphk00cuf1jcc7awv5at","cmoecyphe00cmf1jc1qbn1fei","cmoecyou9000nf1jco1pxt52l",3,"2026-04-25T13:11:27.368Z"
"cmoecyphk00cvf1jcl7wloykb","cmoecyphe00cmf1jc1qbn1fei","cmoecyouf000pf1jcz7jx8q8t",4,"2026-04-25T13:11:27.368Z"
"cmoecyphk00cwf1jc02564mfd","cmoecyphe00cmf1jc1qbn1fei","cmoecyoun000rf1jc1bma24m3",3,"2026-04-25T13:11:27.368Z"
"cmoecyphk00cxf1jcxqk9wq5o","cmoecyphe00cmf1jc1qbn1fei","cmoecyout000tf1jcxacpjlb8",5,"2026-04-25T13:11:27.368Z"
"cmoecyphk00cyf1jcxlm2gk87","cmoecyphe00cmf1jc1qbn1fei","cmoecyov0000vf1jcebemgszg",3,"2026-04-25T13:11:27.368Z"
"cmoecyphk00czf1jcfh41qrha","cmoecyphe00cmf1jc1qbn1fei","cmoecyov8000xf1jcczqq5tig",4,"2026-04-25T13:11:27.368Z"
"cmoecyphk00d0f1jcz3k3km4n","cmoecyphe00cmf1jc1qbn1fei","cmoecyovf000zf1jc6al9h4xw",5,"2026-04-25T13:11:27.368Z"
"cmoecyphk00d1f1jcc8pe0l3n","cmoecyphe00cmf1jc1qbn1fei","cmoecyovl0011f1jc20al0cur",5,"2026-04-25T13:11:27.368Z"
"cmoecyphk00d2f1jcignyefs2","cmoecyphe00cmf1jc1qbn1fei","cmoecyovq0013f1jcwh932esj",4,"2026-04-25T13:11:27.368Z"
"cmoecyphk00d3f1jcosp7jsa6","cmoecyphe00cmf1jc1qbn1fei","cmoecyovv0015f1jcwn1ix1ku",3,"2026-04-25T13:11:27.368Z"
"cmoecyphk00d4f1jc4s2quw8d","cmoecyphe00cmf1jc1qbn1fei","cmoecyow10017f1jckvt6jy48",4,"2026-04-25T13:11:27.368Z"
"cmoecyphk00d5f1jcy3uusvhs","cmoecyphe00cmf1jc1qbn1fei","cmoecyow70019f1jcghkdnibp",4,"2026-04-25T13:11:27.368Z"
"cmoecyphk00d6f1jcagcr99ke","cmoecyphe00cmf1jc1qbn1fei","cmoecyowe001bf1jc147lay2z",4,"2026-04-25T13:11:27.368Z"
"cmoecyphk00d7f1jcooja3oah","cmoecyphe00cmf1jc1qbn1fei","cmoecyowk001df1jcitlpfot4",4,"2026-04-25T13:11:27.368Z"
"cmoecyphk00d8f1jcqkr62u76","cmoecyphe00cmf1jc1qbn1fei","cmoecyowr001ff1jcvai6ub9l",4,"2026-04-25T13:11:27.368Z"
"cmoecyphk00d9f1jchabjqqtp","cmoecyphe00cmf1jc1qbn1fei","cmoecyowx001hf1jcitibv2kc",4,"2026-04-25T13:11:27.368Z"
"cmoecyphk00daf1jcpmnhv9oa","cmoecyphe00cmf1jc1qbn1fei","cmoecyox2001jf1jcxlmrbsix",3,"2026-04-25T13:11:27.368Z"
"cmoecyphk00dbf1jcodu2nt6f","cmoecyphe00cmf1jc1qbn1fei","cmoecyox8001lf1jclaojl3u4",4,"2026-04-25T13:11:27.368Z"
"cmoecyphk00dcf1jcu7je7ak3","cmoecyphe00cmf1jc1qbn1fei","cmoecyoxf001nf1jcpcn43q2h",4,"2026-04-25T13:11:27.368Z"
"cmoecyphk00ddf1jc961ofdwv","cmoecyphe00cmf1jc1qbn1fei","cmoecyoxm001pf1jck372pscl",4,"2026-04-25T13:11:27.368Z"
"cmoecypi400dif1jci3macnix","cmoecyphy00dhf1jcdxwpc9e8","cmoecyosy0009f1jcnyjiqtrv",3,"2026-04-25T13:11:27.389Z"
"cmoecypi500djf1jc93nxyxqs","cmoecyphy00dhf1jcdxwpc9e8","cmoecyot5000bf1jcz72lbhd2",4,"2026-04-25T13:11:27.389Z"
"cmoecypi500dkf1jcxl4f259f","cmoecyphy00dhf1jcdxwpc9e8","cmoecyotd000df1jc6lsgcq0q",4,"2026-04-25T13:11:27.389Z"
"cmoecypi500dlf1jcasjtnsuh","cmoecyphy00dhf1jcdxwpc9e8","cmoecyotj000ff1jcdbezkhdn",4,"2026-04-25T13:11:27.389Z"
"cmoecypi500dmf1jco2mydkz3","cmoecyphy00dhf1jcdxwpc9e8","cmoecyotr000hf1jcjt49goml",4,"2026-04-25T13:11:27.389Z"
"cmoecypi500dnf1jch6jzjqxj","cmoecyphy00dhf1jcdxwpc9e8","cmoecyotw000jf1jc5ttuthae",4,"2026-04-25T13:11:27.389Z"
"cmoecypi500dof1jc8sqah1ls","cmoecyphy00dhf1jcdxwpc9e8","cmoecyou2000lf1jc4qzd468r",4,"2026-04-25T13:11:27.389Z"
"cmoecypi500dpf1jcp0z1jd7y","cmoecyphy00dhf1jcdxwpc9e8","cmoecyou9000nf1jco1pxt52l",3,"2026-04-25T13:11:27.389Z"
"cmoecypi500dqf1jcryn6fo1h","cmoecyphy00dhf1jcdxwpc9e8","cmoecyouf000pf1jcz7jx8q8t",4,"2026-04-25T13:11:27.389Z"
"cmoecypi500drf1jc39g8zswa","cmoecyphy00dhf1jcdxwpc9e8","cmoecyoun000rf1jc1bma24m3",5,"2026-04-25T13:11:27.389Z"
"cmoecypi500dsf1jc9ti7l953","cmoecyphy00dhf1jcdxwpc9e8","cmoecyout000tf1jcxacpjlb8",5,"2026-04-25T13:11:27.389Z"
"cmoecypi500dtf1jco5dfmqwe","cmoecyphy00dhf1jcdxwpc9e8","cmoecyov0000vf1jcebemgszg",3,"2026-04-25T13:11:27.389Z"
"cmoecypi500duf1jcofhy2lxq","cmoecyphy00dhf1jcdxwpc9e8","cmoecyov8000xf1jcczqq5tig",3,"2026-04-25T13:11:27.389Z"
"cmoecypi500dvf1jcrfms1kph","cmoecyphy00dhf1jcdxwpc9e8","cmoecyovf000zf1jc6al9h4xw",4,"2026-04-25T13:11:27.389Z"
"cmoecypi500dwf1jc03if2qe4","cmoecyphy00dhf1jcdxwpc9e8","cmoecyovl0011f1jc20al0cur",3,"2026-04-25T13:11:27.389Z"
"cmoecypi500dxf1jck4z2v55g","cmoecyphy00dhf1jcdxwpc9e8","cmoecyovq0013f1jcwh932esj",4,"2026-04-25T13:11:27.389Z"
"cmoecypi500dyf1jcnsl6pro3","cmoecyphy00dhf1jcdxwpc9e8","cmoecyovv0015f1jcwn1ix1ku",4,"2026-04-25T13:11:27.389Z"
"cmoecypi500dzf1jc6rejb6xg","cmoecyphy00dhf1jcdxwpc9e8","cmoecyow10017f1jckvt6jy48",4,"2026-04-25T13:11:27.389Z"
"cmoecypi500e0f1jcrdpddxpg","cmoecyphy00dhf1jcdxwpc9e8","cmoecyow70019f1jcghkdnibp",3,"2026-04-25T13:11:27.389Z"
"cmoecypi500e1f1jcaqn15noz","cmoecyphy00dhf1jcdxwpc9e8","cmoecyowe001bf1jc147lay2z",4,"2026-04-25T13:11:27.389Z"
"cmoecypi500e2f1jc4xhhh0c3","cmoecyphy00dhf1jcdxwpc9e8","cmoecyowk001df1jcitlpfot4",4,"2026-04-25T13:11:27.389Z"
"cmoecypi500e3f1jcm4q1g8fk","cmoecyphy00dhf1jcdxwpc9e8","cmoecyowr001ff1jcvai6ub9l",4,"2026-04-25T13:11:27.389Z"
"cmoecypi500e4f1jc7irwk7rj","cmoecyphy00dhf1jcdxwpc9e8","cmoecyowx001hf1jcitibv2kc",3,"2026-04-25T13:11:27.389Z"
"cmoecypi500e5f1jc27sbr5uw","cmoecyphy00dhf1jcdxwpc9e8","cmoecyox2001jf1jcxlmrbsix",4,"2026-04-25T13:11:27.389Z"
"cmoecypi500e6f1jcahy2a0pk","cmoecyphy00dhf1jcdxwpc9e8","cmoecyox8001lf1jclaojl3u4",3,"2026-04-25T13:11:27.389Z"
"cmoecypi500e7f1jc5d1ff056","cmoecyphy00dhf1jcdxwpc9e8","cmoecyoxf001nf1jcpcn43q2h",3,"2026-04-25T13:11:27.389Z"
"cmoecypi500e8f1jclf819fqx","cmoecyphy00dhf1jcdxwpc9e8","cmoecyoxm001pf1jck372pscl",4,"2026-04-25T13:11:27.389Z"
"cmoecypis00edf1jc7exqv3y0","cmoecypil00ecf1jcih9u2v02","cmoecyosy0009f1jcnyjiqtrv",5,"2026-04-25T13:11:27.413Z"
"cmoecypis00eef1jcp51zwxzm","cmoecypil00ecf1jcih9u2v02","cmoecyot5000bf1jcz72lbhd2",4,"2026-04-25T13:11:27.413Z"
"cmoecypis00eff1jclybjfrjt","cmoecypil00ecf1jcih9u2v02","cmoecyotd000df1jc6lsgcq0q",5,"2026-04-25T13:11:27.413Z"
"cmoecypis00egf1jc9lo26kvq","cmoecypil00ecf1jcih9u2v02","cmoecyotj000ff1jcdbezkhdn",4,"2026-04-25T13:11:27.413Z"
"cmoecypis00ehf1jc2xy1t51m","cmoecypil00ecf1jcih9u2v02","cmoecyotr000hf1jcjt49goml",4,"2026-04-25T13:11:27.413Z"
"cmoecypis00eif1jcqewnmivj","cmoecypil00ecf1jcih9u2v02","cmoecyotw000jf1jc5ttuthae",4,"2026-04-25T13:11:27.413Z"
"cmoecypis00ejf1jcp2u9l3od","cmoecypil00ecf1jcih9u2v02","cmoecyou2000lf1jc4qzd468r",5,"2026-04-25T13:11:27.413Z"
"cmoecypis00ekf1jc5ffkkfci","cmoecypil00ecf1jcih9u2v02","cmoecyou9000nf1jco1pxt52l",5,"2026-04-25T13:11:27.413Z"
"cmoecypis00elf1jcxhky75wp","cmoecypil00ecf1jcih9u2v02","cmoecyouf000pf1jcz7jx8q8t",4,"2026-04-25T13:11:27.413Z"
"cmoecypis00emf1jc9thvzenh","cmoecypil00ecf1jcih9u2v02","cmoecyoun000rf1jc1bma24m3",5,"2026-04-25T13:11:27.413Z"
"cmoecypis00enf1jcb2a05u0a","cmoecypil00ecf1jcih9u2v02","cmoecyout000tf1jcxacpjlb8",5,"2026-04-25T13:11:27.413Z"
"cmoecypit00eof1jcxe69gl2j","cmoecypil00ecf1jcih9u2v02","cmoecyov0000vf1jcebemgszg",4,"2026-04-25T13:11:27.413Z"
"cmoecypit00epf1jc7289g5mm","cmoecypil00ecf1jcih9u2v02","cmoecyov8000xf1jcczqq5tig",5,"2026-04-25T13:11:27.413Z"
"cmoecypit00eqf1jc9kp0qj2q","cmoecypil00ecf1jcih9u2v02","cmoecyovf000zf1jc6al9h4xw",5,"2026-04-25T13:11:27.413Z"
"cmoecypit00erf1jcag31xvcs","cmoecypil00ecf1jcih9u2v02","cmoecyovl0011f1jc20al0cur",4,"2026-04-25T13:11:27.413Z"
"cmoecypit00esf1jcbbvngox5","cmoecypil00ecf1jcih9u2v02","cmoecyovq0013f1jcwh932esj",4,"2026-04-25T13:11:27.413Z"
"cmoecypit00etf1jc63k46t0s","cmoecypil00ecf1jcih9u2v02","cmoecyovv0015f1jcwn1ix1ku",4,"2026-04-25T13:11:27.413Z"
"cmoecypit00euf1jcyznmgjot","cmoecypil00ecf1jcih9u2v02","cmoecyow10017f1jckvt6jy48",4,"2026-04-25T13:11:27.413Z"
"cmoecypit00evf1jc517y1f1y","cmoecypil00ecf1jcih9u2v02","cmoecyow70019f1jcghkdnibp",4,"2026-04-25T13:11:27.413Z"
"cmoecypit00ewf1jcofndb2kg","cmoecypil00ecf1jcih9u2v02","cmoecyowe001bf1jc147lay2z",4,"2026-04-25T13:11:27.413Z"
"cmoecypit00exf1jcl2ztv2e0","cmoecypil00ecf1jcih9u2v02","cmoecyowk001df1jcitlpfot4",4,"2026-04-25T13:11:27.413Z"
"cmoecypit00eyf1jc3ik6hazw","cmoecypil00ecf1jcih9u2v02","cmoecyowr001ff1jcvai6ub9l",4,"2026-04-25T13:11:27.413Z"
"cmoecypit00ezf1jcr0m265us","cmoecypil00ecf1jcih9u2v02","cmoecyowx001hf1jcitibv2kc",5,"2026-04-25T13:11:27.413Z"
"cmoecypit00f0f1jcrci329jv","cmoecypil00ecf1jcih9u2v02","cmoecyox2001jf1jcxlmrbsix",5,"2026-04-25T13:11:27.413Z"
"cmoecypit00f1f1jc8t6kceri","cmoecypil00ecf1jcih9u2v02","cmoecyox8001lf1jclaojl3u4",5,"2026-04-25T13:11:27.413Z"
"cmoecypit00f2f1jcoqc626lv","cmoecypil00ecf1jcih9u2v02","cmoecyoxf001nf1jcpcn43q2h",4,"2026-04-25T13:11:27.413Z"
"cmoecypit00f3f1jcwr8ptbf5","cmoecypil00ecf1jcih9u2v02","cmoecyoxm001pf1jck372pscl",4,"2026-04-25T13:11:27.413Z"
"cmoecypjg00f8f1jcpo5bhd1a","cmoecypja00f7f1jcgz1eycjw","cmoecyosy0009f1jcnyjiqtrv",3,"2026-04-25T13:11:27.437Z"
"cmoecypjg00f9f1jcr0pc0151","cmoecypja00f7f1jcgz1eycjw","cmoecyot5000bf1jcz72lbhd2",4,"2026-04-25T13:11:27.437Z"
"cmoecypjg00faf1jch81rm79z","cmoecypja00f7f1jcgz1eycjw","cmoecyotd000df1jc6lsgcq0q",4,"2026-04-25T13:11:27.437Z"
"cmoecypjg00fbf1jcndv9oyhb","cmoecypja00f7f1jcgz1eycjw","cmoecyotj000ff1jcdbezkhdn",4,"2026-04-25T13:11:27.437Z"
"cmoecypjg00fcf1jcp0z987km","cmoecypja00f7f1jcgz1eycjw","cmoecyotr000hf1jcjt49goml",5,"2026-04-25T13:11:27.437Z"
"cmoecypjg00fdf1jcezryu9ng","cmoecypja00f7f1jcgz1eycjw","cmoecyotw000jf1jc5ttuthae",3,"2026-04-25T13:11:27.437Z"
"cmoecypjg00fef1jcztasi6q5","cmoecypja00f7f1jcgz1eycjw","cmoecyou2000lf1jc4qzd468r",5,"2026-04-25T13:11:27.437Z"
"cmoecypjg00fff1jch3wp75eq","cmoecypja00f7f1jcgz1eycjw","cmoecyou9000nf1jco1pxt52l",4,"2026-04-25T13:11:27.437Z"
"cmoecypjg00fgf1jcfihsuyyd","cmoecypja00f7f1jcgz1eycjw","cmoecyouf000pf1jcz7jx8q8t",4,"2026-04-25T13:11:27.437Z"
"cmoecypjg00fhf1jcfcqy9ca7","cmoecypja00f7f1jcgz1eycjw","cmoecyoun000rf1jc1bma24m3",4,"2026-04-25T13:11:27.437Z"
"cmoecypjg00fif1jcqz2ck8ja","cmoecypja00f7f1jcgz1eycjw","cmoecyout000tf1jcxacpjlb8",3,"2026-04-25T13:11:27.437Z"
"cmoecypjg00fjf1jcnp580yny","cmoecypja00f7f1jcgz1eycjw","cmoecyov0000vf1jcebemgszg",3,"2026-04-25T13:11:27.437Z"
"cmoecypjh00fkf1jcf4sa40r0","cmoecypja00f7f1jcgz1eycjw","cmoecyov8000xf1jcczqq5tig",4,"2026-04-25T13:11:27.437Z"
"cmoecypjh00flf1jcs0j23w5u","cmoecypja00f7f1jcgz1eycjw","cmoecyovf000zf1jc6al9h4xw",3,"2026-04-25T13:11:27.437Z"
"cmoecypjh00fmf1jcnew5usi8","cmoecypja00f7f1jcgz1eycjw","cmoecyovl0011f1jc20al0cur",5,"2026-04-25T13:11:27.437Z"
"cmoecypjh00fnf1jc55rmt0ox","cmoecypja00f7f1jcgz1eycjw","cmoecyovq0013f1jcwh932esj",4,"2026-04-25T13:11:27.437Z"
"cmoecypjh00fof1jc136a3s6q","cmoecypja00f7f1jcgz1eycjw","cmoecyovv0015f1jcwn1ix1ku",4,"2026-04-25T13:11:27.437Z"
"cmoecypjh00fpf1jc2mbbsvs3","cmoecypja00f7f1jcgz1eycjw","cmoecyow10017f1jckvt6jy48",3,"2026-04-25T13:11:27.437Z"
"cmoecypjh00fqf1jc30dv4q1k","cmoecypja00f7f1jcgz1eycjw","cmoecyow70019f1jcghkdnibp",3,"2026-04-25T13:11:27.437Z"
"cmoecypjh00frf1jcno5w8gyj","cmoecypja00f7f1jcgz1eycjw","cmoecyowe001bf1jc147lay2z",4,"2026-04-25T13:11:27.437Z"
"cmoecypjh00fsf1jc72t8ncpg","cmoecypja00f7f1jcgz1eycjw","cmoecyowk001df1jcitlpfot4",4,"2026-04-25T13:11:27.437Z"
"cmoecypjh00ftf1jcr0yrats6","cmoecypja00f7f1jcgz1eycjw","cmoecyowr001ff1jcvai6ub9l",3,"2026-04-25T13:11:27.437Z"
"cmoecypjh00fuf1jc5sggjicu","cmoecypja00f7f1jcgz1eycjw","cmoecyowx001hf1jcitibv2kc",3,"2026-04-25T13:11:27.437Z"
"cmoecypjh00fvf1jcm67eoco3","cmoecypja00f7f1jcgz1eycjw","cmoecyox2001jf1jcxlmrbsix",3,"2026-04-25T13:11:27.437Z"
"cmoecypjh00fwf1jcizd4pas6","cmoecypja00f7f1jcgz1eycjw","cmoecyox8001lf1jclaojl3u4",3,"2026-04-25T13:11:27.437Z"
"cmoecypjh00fxf1jcnxkkc2sl","cmoecypja00f7f1jcgz1eycjw","cmoecyoxf001nf1jcpcn43q2h",3,"2026-04-25T13:11:27.437Z"
"cmoecypjh00fyf1jc5bhg4xks","cmoecypja00f7f1jcgz1eycjw","cmoecyoxm001pf1jck372pscl",4,"2026-04-25T13:11:27.437Z"
"cmoecypk200g3f1jcepccq2uz","cmoecypjv00g2f1jcvhk11rzn","cmoecyosy0009f1jcnyjiqtrv",4,"2026-04-25T13:11:27.459Z"
"cmoecypk200g4f1jcejm6cx36","cmoecypjv00g2f1jcvhk11rzn","cmoecyot5000bf1jcz72lbhd2",4,"2026-04-25T13:11:27.459Z"
"cmoecypk200g5f1jcjpiaoobb","cmoecypjv00g2f1jcvhk11rzn","cmoecyotd000df1jc6lsgcq0q",5,"2026-04-25T13:11:27.459Z"
"cmoecypk200g6f1jci4ofr9k4","cmoecypjv00g2f1jcvhk11rzn","cmoecyotj000ff1jcdbezkhdn",5,"2026-04-25T13:11:27.459Z"
"cmoecypk200g7f1jcohjoz7m1","cmoecypjv00g2f1jcvhk11rzn","cmoecyotr000hf1jcjt49goml",4,"2026-04-25T13:11:27.459Z"
"cmoecypk200g8f1jciuojns73","cmoecypjv00g2f1jcvhk11rzn","cmoecyotw000jf1jc5ttuthae",4,"2026-04-25T13:11:27.459Z"
"cmoecypk200g9f1jc5ys5w7cs","cmoecypjv00g2f1jcvhk11rzn","cmoecyou2000lf1jc4qzd468r",4,"2026-04-25T13:11:27.459Z"
"cmoecypk200gaf1jct6e6l50k","cmoecypjv00g2f1jcvhk11rzn","cmoecyou9000nf1jco1pxt52l",5,"2026-04-25T13:11:27.459Z"
"cmoecypk200gbf1jcidvczjrd","cmoecypjv00g2f1jcvhk11rzn","cmoecyouf000pf1jcz7jx8q8t",4,"2026-04-25T13:11:27.459Z"
"cmoecypk300gcf1jco04ryfwf","cmoecypjv00g2f1jcvhk11rzn","cmoecyoun000rf1jc1bma24m3",4,"2026-04-25T13:11:27.459Z"
"cmoecypk300gdf1jc8sbumgwv","cmoecypjv00g2f1jcvhk11rzn","cmoecyout000tf1jcxacpjlb8",4,"2026-04-25T13:11:27.459Z"
"cmoecypk300gef1jcuw65ezyh","cmoecypjv00g2f1jcvhk11rzn","cmoecyov0000vf1jcebemgszg",5,"2026-04-25T13:11:27.459Z"
"cmoecypk300gff1jcfzp7ndpi","cmoecypjv00g2f1jcvhk11rzn","cmoecyov8000xf1jcczqq5tig",5,"2026-04-25T13:11:27.459Z"
"cmoecypk300ggf1jcuvvb4lgr","cmoecypjv00g2f1jcvhk11rzn","cmoecyovf000zf1jc6al9h4xw",5,"2026-04-25T13:11:27.459Z"
"cmoecypk300ghf1jcrtoczrng","cmoecypjv00g2f1jcvhk11rzn","cmoecyovl0011f1jc20al0cur",5,"2026-04-25T13:11:27.459Z"
"cmoecypk300gif1jcjhor8mvi","cmoecypjv00g2f1jcvhk11rzn","cmoecyovq0013f1jcwh932esj",5,"2026-04-25T13:11:27.459Z"
"cmoecypk300gjf1jc57ee2y32","cmoecypjv00g2f1jcvhk11rzn","cmoecyovv0015f1jcwn1ix1ku",4,"2026-04-25T13:11:27.459Z"
"cmoecypk300gkf1jcr9m66nji","cmoecypjv00g2f1jcvhk11rzn","cmoecyow10017f1jckvt6jy48",4,"2026-04-25T13:11:27.459Z"
"cmoecypk300glf1jcypbbgg22","cmoecypjv00g2f1jcvhk11rzn","cmoecyow70019f1jcghkdnibp",5,"2026-04-25T13:11:27.459Z"
"cmoecypk300gmf1jc7ao69dtx","cmoecypjv00g2f1jcvhk11rzn","cmoecyowe001bf1jc147lay2z",5,"2026-04-25T13:11:27.459Z"
"cmoecypk300gnf1jcj2ase3iv","cmoecypjv00g2f1jcvhk11rzn","cmoecyowk001df1jcitlpfot4",4,"2026-04-25T13:11:27.459Z"
"cmoecypk300gof1jc11tdgafh","cmoecypjv00g2f1jcvhk11rzn","cmoecyowr001ff1jcvai6ub9l",4,"2026-04-25T13:11:27.459Z"
"cmoecypk300gpf1jcy22333vj","cmoecypjv00g2f1jcvhk11rzn","cmoecyowx001hf1jcitibv2kc",5,"2026-04-25T13:11:27.459Z"
"cmoecypk300gqf1jc8sdh6ksz","cmoecypjv00g2f1jcvhk11rzn","cmoecyox2001jf1jcxlmrbsix",5,"2026-04-25T13:11:27.459Z"
"cmoecypk300grf1jcbadj5n1q","cmoecypjv00g2f1jcvhk11rzn","cmoecyox8001lf1jclaojl3u4",5,"2026-04-25T13:11:27.459Z"
"cmoecypk300gsf1jchfsnsev2","cmoecypjv00g2f1jcvhk11rzn","cmoecyoxf001nf1jcpcn43q2h",5,"2026-04-25T13:11:27.459Z"
"cmoecypk300gtf1jcu5xh5ac4","cmoecypjv00g2f1jcvhk11rzn","cmoecyoxm001pf1jck372pscl",5,"2026-04-25T13:11:27.459Z"
"cmoecypkp00gyf1jci9strytc","cmoecypki00gxf1jcopq675re","cmoecyosy0009f1jcnyjiqtrv",3,"2026-04-25T13:11:27.482Z"
"cmoecypkp00gzf1jca8doysym","cmoecypki00gxf1jcopq675re","cmoecyot5000bf1jcz72lbhd2",4,"2026-04-25T13:11:27.482Z"
"cmoecypkp00h0f1jcrfyh0udh","cmoecypki00gxf1jcopq675re","cmoecyotd000df1jc6lsgcq0q",4,"2026-04-25T13:11:27.482Z"
"cmoecypkp00h1f1jcbcinxc84","cmoecypki00gxf1jcopq675re","cmoecyotj000ff1jcdbezkhdn",3,"2026-04-25T13:11:27.482Z"
"cmoecypkp00h2f1jc2cdf3rd7","cmoecypki00gxf1jcopq675re","cmoecyotr000hf1jcjt49goml",3,"2026-04-25T13:11:27.482Z"
"cmoecypkp00h3f1jc398zabt5","cmoecypki00gxf1jcopq675re","cmoecyotw000jf1jc5ttuthae",4,"2026-04-25T13:11:27.482Z"
"cmoecypkp00h4f1jczv7u4w1p","cmoecypki00gxf1jcopq675re","cmoecyou2000lf1jc4qzd468r",4,"2026-04-25T13:11:27.482Z"
"cmoecypkp00h5f1jctazm4zdk","cmoecypki00gxf1jcopq675re","cmoecyou9000nf1jco1pxt52l",4,"2026-04-25T13:11:27.482Z"
"cmoecypkp00h6f1jcw56spkr4","cmoecypki00gxf1jcopq675re","cmoecyouf000pf1jcz7jx8q8t",4,"2026-04-25T13:11:27.482Z"
"cmoecypkp00h7f1jcfjztpfnm","cmoecypki00gxf1jcopq675re","cmoecyoun000rf1jc1bma24m3",3,"2026-04-25T13:11:27.482Z"
"cmoecypkp00h8f1jcdnyxva4y","cmoecypki00gxf1jcopq675re","cmoecyout000tf1jcxacpjlb8",4,"2026-04-25T13:11:27.482Z"
"cmoecypkp00h9f1jcrv7h1ws7","cmoecypki00gxf1jcopq675re","cmoecyov0000vf1jcebemgszg",4,"2026-04-25T13:11:27.482Z"
"cmoecypkp00haf1jcbrqlpcxu","cmoecypki00gxf1jcopq675re","cmoecyov8000xf1jcczqq5tig",3,"2026-04-25T13:11:27.482Z"
"cmoecypkp00hbf1jcvst4v0db","cmoecypki00gxf1jcopq675re","cmoecyovf000zf1jc6al9h4xw",4,"2026-04-25T13:11:27.482Z"
"cmoecypkp00hcf1jc71ytef6a","cmoecypki00gxf1jcopq675re","cmoecyovl0011f1jc20al0cur",3,"2026-04-25T13:11:27.482Z"
"cmoecypkp00hdf1jcw3itk9zs","cmoecypki00gxf1jcopq675re","cmoecyovq0013f1jcwh932esj",3,"2026-04-25T13:11:27.482Z"
"cmoecypkp00hef1jc2fvn8e8w","cmoecypki00gxf1jcopq675re","cmoecyovv0015f1jcwn1ix1ku",4,"2026-04-25T13:11:27.482Z"
"cmoecypkp00hff1jc70ohl33e","cmoecypki00gxf1jcopq675re","cmoecyow10017f1jckvt6jy48",3,"2026-04-25T13:11:27.482Z"
"cmoecypkp00hgf1jc7nhggm1j","cmoecypki00gxf1jcopq675re","cmoecyow70019f1jcghkdnibp",4,"2026-04-25T13:11:27.482Z"
"cmoecypkq00hhf1jcyh9ti9oj","cmoecypki00gxf1jcopq675re","cmoecyowe001bf1jc147lay2z",4,"2026-04-25T13:11:27.482Z"
"cmoecypkq00hif1jcxxqnrrr0","cmoecypki00gxf1jcopq675re","cmoecyowk001df1jcitlpfot4",3,"2026-04-25T13:11:27.482Z"
"cmoecypkq00hjf1jc8kaibae4","cmoecypki00gxf1jcopq675re","cmoecyowr001ff1jcvai6ub9l",4,"2026-04-25T13:11:27.482Z"
"cmoecypkq00hkf1jc7reoqh3m","cmoecypki00gxf1jcopq675re","cmoecyowx001hf1jcitibv2kc",4,"2026-04-25T13:11:27.482Z"
"cmoecypkq00hlf1jclqughqc7","cmoecypki00gxf1jcopq675re","cmoecyox2001jf1jcxlmrbsix",3,"2026-04-25T13:11:27.482Z"
"cmoecypkq00hmf1jcezustex2","cmoecypki00gxf1jcopq675re","cmoecyox8001lf1jclaojl3u4",4,"2026-04-25T13:11:27.482Z"
"cmoecypkq00hnf1jc4c4pex22","cmoecypki00gxf1jcopq675re","cmoecyoxf001nf1jcpcn43q2h",4,"2026-04-25T13:11:27.482Z"
"cmoecypkq00hof1jc642nsivb","cmoecypki00gxf1jcopq675re","cmoecyoxm001pf1jck372pscl",3,"2026-04-25T13:11:27.482Z"
"cmoecypla00htf1jcgwj38jc0","cmoecypl500hsf1jc458nlgl1","cmoecyosy0009f1jcnyjiqtrv",4,"2026-04-25T13:11:27.502Z"
"cmoecypla00huf1jcoabkjtrc","cmoecypl500hsf1jc458nlgl1","cmoecyot5000bf1jcz72lbhd2",4,"2026-04-25T13:11:27.502Z"
"cmoecypla00hvf1jc5fxvnfn9","cmoecypl500hsf1jc458nlgl1","cmoecyotd000df1jc6lsgcq0q",3,"2026-04-25T13:11:27.502Z"
"cmoecypla00hwf1jcyzrcdnjv","cmoecypl500hsf1jc458nlgl1","cmoecyotj000ff1jcdbezkhdn",4,"2026-04-25T13:11:27.502Z"
"cmoecypla00hxf1jcw5o7cfl8","cmoecypl500hsf1jc458nlgl1","cmoecyotr000hf1jcjt49goml",4,"2026-04-25T13:11:27.502Z"
"cmoecypla00hyf1jc5wc4bs9e","cmoecypl500hsf1jc458nlgl1","cmoecyotw000jf1jc5ttuthae",3,"2026-04-25T13:11:27.502Z"
"cmoecypla00hzf1jczgtfgmwm","cmoecypl500hsf1jc458nlgl1","cmoecyou2000lf1jc4qzd468r",3,"2026-04-25T13:11:27.502Z"
"cmoecypla00i0f1jceurkmp7c","cmoecypl500hsf1jc458nlgl1","cmoecyou9000nf1jco1pxt52l",3,"2026-04-25T13:11:27.502Z"
"cmoecypla00i1f1jckynl39bc","cmoecypl500hsf1jc458nlgl1","cmoecyouf000pf1jcz7jx8q8t",4,"2026-04-25T13:11:27.502Z"
"cmoecypla00i2f1jcpgbudm8a","cmoecypl500hsf1jc458nlgl1","cmoecyoun000rf1jc1bma24m3",4,"2026-04-25T13:11:27.502Z"
"cmoecypla00i3f1jcwshho1v0","cmoecypl500hsf1jc458nlgl1","cmoecyout000tf1jcxacpjlb8",4,"2026-04-25T13:11:27.502Z"
"cmoecypla00i4f1jc4r1qnpam","cmoecypl500hsf1jc458nlgl1","cmoecyov0000vf1jcebemgszg",4,"2026-04-25T13:11:27.502Z"
"cmoecypla00i5f1jc8rq0jdm5","cmoecypl500hsf1jc458nlgl1","cmoecyov8000xf1jcczqq5tig",3,"2026-04-25T13:11:27.502Z"
"cmoecypla00i6f1jcnlv1i120","cmoecypl500hsf1jc458nlgl1","cmoecyovf000zf1jc6al9h4xw",4,"2026-04-25T13:11:27.502Z"
"cmoecypla00i7f1jcwth0txt0","cmoecypl500hsf1jc458nlgl1","cmoecyovl0011f1jc20al0cur",4,"2026-04-25T13:11:27.502Z"
"cmoecypla00i8f1jc7wqgmxoq","cmoecypl500hsf1jc458nlgl1","cmoecyovq0013f1jcwh932esj",4,"2026-04-25T13:11:27.502Z"
"cmoecypla00i9f1jc2yikxybj","cmoecypl500hsf1jc458nlgl1","cmoecyovv0015f1jcwn1ix1ku",5,"2026-04-25T13:11:27.502Z"
"cmoecypla00iaf1jc3ps6wziz","cmoecypl500hsf1jc458nlgl1","cmoecyow10017f1jckvt6jy48",3,"2026-04-25T13:11:27.502Z"
"cmoecypla00ibf1jcgz10b8j8","cmoecypl500hsf1jc458nlgl1","cmoecyow70019f1jcghkdnibp",4,"2026-04-25T13:11:27.502Z"
"cmoecypla00icf1jciyc30avp","cmoecypl500hsf1jc458nlgl1","cmoecyowe001bf1jc147lay2z",5,"2026-04-25T13:11:27.502Z"
"cmoecypla00idf1jcdk8egf63","cmoecypl500hsf1jc458nlgl1","cmoecyowk001df1jcitlpfot4",4,"2026-04-25T13:11:27.502Z"
"cmoecypla00ief1jcksa5m49b","cmoecypl500hsf1jc458nlgl1","cmoecyowr001ff1jcvai6ub9l",3,"2026-04-25T13:11:27.502Z"
"cmoecypla00iff1jcssv7btbk","cmoecypl500hsf1jc458nlgl1","cmoecyowx001hf1jcitibv2kc",4,"2026-04-25T13:11:27.502Z"
"cmoecypla00igf1jcnky0iwhf","cmoecypl500hsf1jc458nlgl1","cmoecyox2001jf1jcxlmrbsix",3,"2026-04-25T13:11:27.502Z"
"cmoecypla00ihf1jcmnrjajp2","cmoecypl500hsf1jc458nlgl1","cmoecyox8001lf1jclaojl3u4",4,"2026-04-25T13:11:27.502Z"
"cmoecypla00iif1jc9h1jnq8d","cmoecypl500hsf1jc458nlgl1","cmoecyoxf001nf1jcpcn43q2h",4,"2026-04-25T13:11:27.502Z"
"cmoecypla00ijf1jceab4pfh8","cmoecypl500hsf1jc458nlgl1","cmoecyoxm001pf1jck372pscl",3,"2026-04-25T13:11:27.502Z"
"cmoecyplt00iof1jcnund9uw5","cmoecyplo00inf1jcp8tx149k","cmoecyosy0009f1jcnyjiqtrv",5,"2026-04-25T13:11:27.521Z"
"cmoecyplt00ipf1jc2nlaps4a","cmoecyplo00inf1jcp8tx149k","cmoecyot5000bf1jcz72lbhd2",5,"2026-04-25T13:11:27.521Z"
"cmoecyplt00iqf1jcqnnl3uwz","cmoecyplo00inf1jcp8tx149k","cmoecyotd000df1jc6lsgcq0q",4,"2026-04-25T13:11:27.521Z"
"cmoecyplt00irf1jc81cyz8nu","cmoecyplo00inf1jcp8tx149k","cmoecyotj000ff1jcdbezkhdn",5,"2026-04-25T13:11:27.521Z"
"cmoecyplt00isf1jckvfj9k3z","cmoecyplo00inf1jcp8tx149k","cmoecyotr000hf1jcjt49goml",5,"2026-04-25T13:11:27.521Z"
"cmoecyplt00itf1jce51xfrg4","cmoecyplo00inf1jcp8tx149k","cmoecyotw000jf1jc5ttuthae",5,"2026-04-25T13:11:27.521Z"
"cmoecyplt00iuf1jc7z3hy55z","cmoecyplo00inf1jcp8tx149k","cmoecyou2000lf1jc4qzd468r",4,"2026-04-25T13:11:27.521Z"
"cmoecyplt00ivf1jcya1icza4","cmoecyplo00inf1jcp8tx149k","cmoecyou9000nf1jco1pxt52l",5,"2026-04-25T13:11:27.521Z"
"cmoecyplt00iwf1jc20sdhmb9","cmoecyplo00inf1jcp8tx149k","cmoecyouf000pf1jcz7jx8q8t",4,"2026-04-25T13:11:27.521Z"
"cmoecyplt00ixf1jcp9pulbho","cmoecyplo00inf1jcp8tx149k","cmoecyoun000rf1jc1bma24m3",5,"2026-04-25T13:11:27.521Z"
"cmoecyplt00iyf1jchskvm4ti","cmoecyplo00inf1jcp8tx149k","cmoecyout000tf1jcxacpjlb8",5,"2026-04-25T13:11:27.521Z"
"cmoecyplt00izf1jcp1g4qofp","cmoecyplo00inf1jcp8tx149k","cmoecyov0000vf1jcebemgszg",5,"2026-04-25T13:11:27.521Z"
"cmoecyplt00j0f1jci32wzkyd","cmoecyplo00inf1jcp8tx149k","cmoecyov8000xf1jcczqq5tig",4,"2026-04-25T13:11:27.521Z"
"cmoecyplt00j1f1jc9yrrn8ux","cmoecyplo00inf1jcp8tx149k","cmoecyovf000zf1jc6al9h4xw",5,"2026-04-25T13:11:27.521Z"
"cmoecyplt00j2f1jcivqoaqvr","cmoecyplo00inf1jcp8tx149k","cmoecyovl0011f1jc20al0cur",5,"2026-04-25T13:11:27.521Z"
"cmoecyplt00j3f1jc48wg7x8u","cmoecyplo00inf1jcp8tx149k","cmoecyovq0013f1jcwh932esj",5,"2026-04-25T13:11:27.521Z"
"cmoecyplt00j4f1jcp7ivqqih","cmoecyplo00inf1jcp8tx149k","cmoecyovv0015f1jcwn1ix1ku",4,"2026-04-25T13:11:27.521Z"
"cmoecyplt00j5f1jc9fxjm24k","cmoecyplo00inf1jcp8tx149k","cmoecyow10017f1jckvt6jy48",5,"2026-04-25T13:11:27.521Z"
"cmoecyplt00j6f1jcinbyvgwr","cmoecyplo00inf1jcp8tx149k","cmoecyow70019f1jcghkdnibp",5,"2026-04-25T13:11:27.521Z"
"cmoecyplt00j7f1jc4rflte3u","cmoecyplo00inf1jcp8tx149k","cmoecyowe001bf1jc147lay2z",5,"2026-04-25T13:11:27.521Z"
"cmoecyplt00j8f1jcnxeolpie","cmoecyplo00inf1jcp8tx149k","cmoecyowk001df1jcitlpfot4",4,"2026-04-25T13:11:27.521Z"
"cmoecyplt00j9f1jc5c2o6xch","cmoecyplo00inf1jcp8tx149k","cmoecyowr001ff1jcvai6ub9l",5,"2026-04-25T13:11:27.521Z"
"cmoecyplt00jaf1jccip9gs1q","cmoecyplo00inf1jcp8tx149k","cmoecyowx001hf1jcitibv2kc",5,"2026-04-25T13:11:27.521Z"
"cmoecyplt00jbf1jczeq4ra6v","cmoecyplo00inf1jcp8tx149k","cmoecyox2001jf1jcxlmrbsix",4,"2026-04-25T13:11:27.521Z"
"cmoecyplt00jcf1jc6estceev","cmoecyplo00inf1jcp8tx149k","cmoecyox8001lf1jclaojl3u4",4,"2026-04-25T13:11:27.521Z"
"cmoecyplt00jdf1jcv4mspgxq","cmoecyplo00inf1jcp8tx149k","cmoecyoxf001nf1jcpcn43q2h",5,"2026-04-25T13:11:27.521Z"
"cmoecyplt00jef1jcar8z8ymv","cmoecyplo00inf1jcp8tx149k","cmoecyoxm001pf1jck372pscl",4,"2026-04-25T13:11:27.521Z"
"cmoecypmd00jjf1jczu5xg1q7","cmoecypm600jif1jc2140yo9v","cmoecyosy0009f1jcnyjiqtrv",5,"2026-04-25T13:11:27.541Z"
"cmoecypmd00jkf1jcfx9p4yvj","cmoecypm600jif1jc2140yo9v","cmoecyot5000bf1jcz72lbhd2",4,"2026-04-25T13:11:27.541Z"
"cmoecypmd00jlf1jc7kx8lq8b","cmoecypm600jif1jc2140yo9v","cmoecyotd000df1jc6lsgcq0q",4,"2026-04-25T13:11:27.541Z"
"cmoecypmd00jmf1jcm5h4y211","cmoecypm600jif1jc2140yo9v","cmoecyotj000ff1jcdbezkhdn",5,"2026-04-25T13:11:27.541Z"
"cmoecypmd00jnf1jciwhd6g6o","cmoecypm600jif1jc2140yo9v","cmoecyotr000hf1jcjt49goml",4,"2026-04-25T13:11:27.541Z"
"cmoecypmd00jof1jcudjn0f69","cmoecypm600jif1jc2140yo9v","cmoecyotw000jf1jc5ttuthae",4,"2026-04-25T13:11:27.541Z"
"cmoecypmd00jpf1jc31vxuwg3","cmoecypm600jif1jc2140yo9v","cmoecyou2000lf1jc4qzd468r",5,"2026-04-25T13:11:27.541Z"
"cmoecypmd00jqf1jc9xosje6h","cmoecypm600jif1jc2140yo9v","cmoecyou9000nf1jco1pxt52l",4,"2026-04-25T13:11:27.541Z"
"cmoecypmd00jrf1jcm83tmd6e","cmoecypm600jif1jc2140yo9v","cmoecyouf000pf1jcz7jx8q8t",4,"2026-04-25T13:11:27.541Z"
"cmoecypmd00jsf1jcthbjtwyd","cmoecypm600jif1jc2140yo9v","cmoecyoun000rf1jc1bma24m3",5,"2026-04-25T13:11:27.541Z"
"cmoecypmd00jtf1jce2afhea5","cmoecypm600jif1jc2140yo9v","cmoecyout000tf1jcxacpjlb8",4,"2026-04-25T13:11:27.541Z"
"cmoecypmd00juf1jcipa1rnbt","cmoecypm600jif1jc2140yo9v","cmoecyov0000vf1jcebemgszg",4,"2026-04-25T13:11:27.541Z"
"cmoecypmd00jvf1jczt6mig6i","cmoecypm600jif1jc2140yo9v","cmoecyov8000xf1jcczqq5tig",4,"2026-04-25T13:11:27.541Z"
"cmoecypmd00jwf1jcxvhobsbz","cmoecypm600jif1jc2140yo9v","cmoecyovf000zf1jc6al9h4xw",5,"2026-04-25T13:11:27.541Z"
"cmoecypmd00jxf1jcp3qedski","cmoecypm600jif1jc2140yo9v","cmoecyovl0011f1jc20al0cur",4,"2026-04-25T13:11:27.541Z"
"cmoecypmd00jyf1jc01579nri","cmoecypm600jif1jc2140yo9v","cmoecyovq0013f1jcwh932esj",4,"2026-04-25T13:11:27.541Z"
"cmoecypmd00jzf1jcdqt0fmxy","cmoecypm600jif1jc2140yo9v","cmoecyovv0015f1jcwn1ix1ku",5,"2026-04-25T13:11:27.541Z"
"cmoecypmd00k0f1jc0kb0x4a2","cmoecypm600jif1jc2140yo9v","cmoecyow10017f1jckvt6jy48",4,"2026-04-25T13:11:27.541Z"
"cmoecypmd00k1f1jcoye7ldtg","cmoecypm600jif1jc2140yo9v","cmoecyow70019f1jcghkdnibp",5,"2026-04-25T13:11:27.541Z"
"cmoecypmd00k2f1jcomjz0pe3","cmoecypm600jif1jc2140yo9v","cmoecyowe001bf1jc147lay2z",4,"2026-04-25T13:11:27.541Z"
"cmoecypmd00k3f1jc6ghz5pcs","cmoecypm600jif1jc2140yo9v","cmoecyowk001df1jcitlpfot4",4,"2026-04-25T13:11:27.541Z"
"cmoecypmd00k4f1jccrpyib6d","cmoecypm600jif1jc2140yo9v","cmoecyowr001ff1jcvai6ub9l",3,"2026-04-25T13:11:27.541Z"
"cmoecypmd00k5f1jcfaotjnj7","cmoecypm600jif1jc2140yo9v","cmoecyowx001hf1jcitibv2kc",4,"2026-04-25T13:11:27.541Z"
"cmoecypmd00k6f1jcazkekiw3","cmoecypm600jif1jc2140yo9v","cmoecyox2001jf1jcxlmrbsix",4,"2026-04-25T13:11:27.541Z"
"cmoecypmd00k7f1jc9m7qaivv","cmoecypm600jif1jc2140yo9v","cmoecyox8001lf1jclaojl3u4",4,"2026-04-25T13:11:27.541Z"
"cmoecypmd00k8f1jc3djrc7e8","cmoecypm600jif1jc2140yo9v","cmoecyoxf001nf1jcpcn43q2h",4,"2026-04-25T13:11:27.541Z"
"cmoecypmd00k9f1jchrqvuomw","cmoecypm600jif1jc2140yo9v","cmoecyoxm001pf1jck372pscl",4,"2026-04-25T13:11:27.541Z"
"cmoecypmy00kef1jcwlqfo1wb","cmoecypmr00kdf1jcjnw7ooum","cmoecyosy0009f1jcnyjiqtrv",4,"2026-04-25T13:11:27.562Z"
"cmoecypmy00kff1jcrbo84zpj","cmoecypmr00kdf1jcjnw7ooum","cmoecyot5000bf1jcz72lbhd2",5,"2026-04-25T13:11:27.562Z"
"cmoecypmy00kgf1jcgitmop6d","cmoecypmr00kdf1jcjnw7ooum","cmoecyotd000df1jc6lsgcq0q",5,"2026-04-25T13:11:27.562Z"
"cmoecypmy00khf1jcpasyrf7j","cmoecypmr00kdf1jcjnw7ooum","cmoecyotj000ff1jcdbezkhdn",5,"2026-04-25T13:11:27.562Z"
"cmoecypmy00kif1jcrs873tgp","cmoecypmr00kdf1jcjnw7ooum","cmoecyotr000hf1jcjt49goml",5,"2026-04-25T13:11:27.562Z"
"cmoecypmy00kjf1jcsvvwzwql","cmoecypmr00kdf1jcjnw7ooum","cmoecyotw000jf1jc5ttuthae",4,"2026-04-25T13:11:27.562Z"
"cmoecypmy00kkf1jczb67y86w","cmoecypmr00kdf1jcjnw7ooum","cmoecyou2000lf1jc4qzd468r",5,"2026-04-25T13:11:27.562Z"
"cmoecypmy00klf1jc6kycml53","cmoecypmr00kdf1jcjnw7ooum","cmoecyou9000nf1jco1pxt52l",5,"2026-04-25T13:11:27.562Z"
"cmoecypmy00kmf1jctz77o2ev","cmoecypmr00kdf1jcjnw7ooum","cmoecyouf000pf1jcz7jx8q8t",4,"2026-04-25T13:11:27.562Z"
"cmoecypmy00knf1jcvsjr5j6y","cmoecypmr00kdf1jcjnw7ooum","cmoecyoun000rf1jc1bma24m3",5,"2026-04-25T13:11:27.562Z"
"cmoecypmy00kof1jcp00neqds","cmoecypmr00kdf1jcjnw7ooum","cmoecyout000tf1jcxacpjlb8",4,"2026-04-25T13:11:27.562Z"
"cmoecypmy00kpf1jcm9g8owny","cmoecypmr00kdf1jcjnw7ooum","cmoecyov0000vf1jcebemgszg",5,"2026-04-25T13:11:27.562Z"
"cmoecypmy00kqf1jcbxs1g44c","cmoecypmr00kdf1jcjnw7ooum","cmoecyov8000xf1jcczqq5tig",5,"2026-04-25T13:11:27.562Z"
"cmoecypmy00krf1jc0kvkh662","cmoecypmr00kdf1jcjnw7ooum","cmoecyovf000zf1jc6al9h4xw",5,"2026-04-25T13:11:27.562Z"
"cmoecypmy00ksf1jc2vqu7guo","cmoecypmr00kdf1jcjnw7ooum","cmoecyovl0011f1jc20al0cur",5,"2026-04-25T13:11:27.562Z"
"cmoecypmy00ktf1jcbseo4qnb","cmoecypmr00kdf1jcjnw7ooum","cmoecyovq0013f1jcwh932esj",5,"2026-04-25T13:11:27.562Z"
"cmoecypmy00kuf1jcxf15pa72","cmoecypmr00kdf1jcjnw7ooum","cmoecyovv0015f1jcwn1ix1ku",4,"2026-04-25T13:11:27.562Z"
"cmoecypmy00kvf1jc2l3c8emg","cmoecypmr00kdf1jcjnw7ooum","cmoecyow10017f1jckvt6jy48",5,"2026-04-25T13:11:27.562Z"
"cmoecypmy00kwf1jcvy96890n","cmoecypmr00kdf1jcjnw7ooum","cmoecyow70019f1jcghkdnibp",5,"2026-04-25T13:11:27.562Z"
"cmoecypmy00kxf1jcu4bor5xt","cmoecypmr00kdf1jcjnw7ooum","cmoecyowe001bf1jc147lay2z",4,"2026-04-25T13:11:27.562Z"
"cmoecypmy00kyf1jckgw4iy2r","cmoecypmr00kdf1jcjnw7ooum","cmoecyowk001df1jcitlpfot4",5,"2026-04-25T13:11:27.562Z"
"cmoecypmy00kzf1jclix5pm3m","cmoecypmr00kdf1jcjnw7ooum","cmoecyowr001ff1jcvai6ub9l",4,"2026-04-25T13:11:27.562Z"
"cmoecypmy00l0f1jcqdnu58dn","cmoecypmr00kdf1jcjnw7ooum","cmoecyowx001hf1jcitibv2kc",5,"2026-04-25T13:11:27.562Z"
"cmoecypmy00l1f1jcrcrzfld1","cmoecypmr00kdf1jcjnw7ooum","cmoecyox2001jf1jcxlmrbsix",5,"2026-04-25T13:11:27.562Z"
"cmoecypmy00l2f1jcntrwkuy1","cmoecypmr00kdf1jcjnw7ooum","cmoecyox8001lf1jclaojl3u4",4,"2026-04-25T13:11:27.562Z"
"cmoecypmy00l3f1jcl86q597f","cmoecypmr00kdf1jcjnw7ooum","cmoecyoxf001nf1jcpcn43q2h",5,"2026-04-25T13:11:27.562Z"
"cmoecypmy00l4f1jc4nbd7t9h","cmoecypmr00kdf1jcjnw7ooum","cmoecyoxm001pf1jck372pscl",4,"2026-04-25T13:11:27.562Z"
"cmoecypnk00l9f1jc5vtvz32v","cmoecypnc00l8f1jc4fmr6fbb","cmoecyosy0009f1jcnyjiqtrv",4,"2026-04-25T13:11:27.584Z"
"cmoecypnk00laf1jch6puqpox","cmoecypnc00l8f1jc4fmr6fbb","cmoecyot5000bf1jcz72lbhd2",4,"2026-04-25T13:11:27.584Z"
"cmoecypnk00lbf1jclbpi3mzm","cmoecypnc00l8f1jc4fmr6fbb","cmoecyotd000df1jc6lsgcq0q",4,"2026-04-25T13:11:27.584Z"
"cmoecypnk00lcf1jct8m4q9fm","cmoecypnc00l8f1jc4fmr6fbb","cmoecyotj000ff1jcdbezkhdn",4,"2026-04-25T13:11:27.584Z"
"cmoecypnk00ldf1jc4twz5b1l","cmoecypnc00l8f1jc4fmr6fbb","cmoecyotr000hf1jcjt49goml",4,"2026-04-25T13:11:27.584Z"
"cmoecypnk00lef1jc664vapxt","cmoecypnc00l8f1jc4fmr6fbb","cmoecyotw000jf1jc5ttuthae",4,"2026-04-25T13:11:27.584Z"
"cmoecypnk00lff1jc53baa85a","cmoecypnc00l8f1jc4fmr6fbb","cmoecyou2000lf1jc4qzd468r",4,"2026-04-25T13:11:27.584Z"
"cmoecypnk00lgf1jckbodvrn1","cmoecypnc00l8f1jc4fmr6fbb","cmoecyou9000nf1jco1pxt52l",4,"2026-04-25T13:11:27.584Z"
"cmoecypnk00lhf1jcx45s3ifw","cmoecypnc00l8f1jc4fmr6fbb","cmoecyouf000pf1jcz7jx8q8t",4,"2026-04-25T13:11:27.584Z"
"cmoecypnk00lif1jcxr4f2d8h","cmoecypnc00l8f1jc4fmr6fbb","cmoecyoun000rf1jc1bma24m3",5,"2026-04-25T13:11:27.584Z"
"cmoecypnk00ljf1jcquckhi9g","cmoecypnc00l8f1jc4fmr6fbb","cmoecyout000tf1jcxacpjlb8",5,"2026-04-25T13:11:27.584Z"
"cmoecypnk00lkf1jcnk62up4p","cmoecypnc00l8f1jc4fmr6fbb","cmoecyov0000vf1jcebemgszg",4,"2026-04-25T13:11:27.584Z"
"cmoecypnk00llf1jcqhv0d0t1","cmoecypnc00l8f1jc4fmr6fbb","cmoecyov8000xf1jcczqq5tig",4,"2026-04-25T13:11:27.584Z"
"cmoecypnk00lmf1jc8wx0it9m","cmoecypnc00l8f1jc4fmr6fbb","cmoecyovf000zf1jc6al9h4xw",5,"2026-04-25T13:11:27.584Z"
"cmoecypnk00lnf1jci9z2lx5t","cmoecypnc00l8f1jc4fmr6fbb","cmoecyovl0011f1jc20al0cur",5,"2026-04-25T13:11:27.584Z"
"cmoecypnk00lof1jclz3eohh5","cmoecypnc00l8f1jc4fmr6fbb","cmoecyovq0013f1jcwh932esj",4,"2026-04-25T13:11:27.584Z"
"cmoecypnk00lpf1jcoe0coqfd","cmoecypnc00l8f1jc4fmr6fbb","cmoecyovv0015f1jcwn1ix1ku",4,"2026-04-25T13:11:27.584Z"
"cmoecypnk00lqf1jcypwc96ve","cmoecypnc00l8f1jc4fmr6fbb","cmoecyow10017f1jckvt6jy48",5,"2026-04-25T13:11:27.584Z"
"cmoecypnk00lrf1jc7dyt2svl","cmoecypnc00l8f1jc4fmr6fbb","cmoecyow70019f1jcghkdnibp",4,"2026-04-25T13:11:27.584Z"
"cmoecypnk00lsf1jc8lhw61pm","cmoecypnc00l8f1jc4fmr6fbb","cmoecyowe001bf1jc147lay2z",4,"2026-04-25T13:11:27.584Z"
"cmoecypnk00ltf1jcbbp3ps7o","cmoecypnc00l8f1jc4fmr6fbb","cmoecyowk001df1jcitlpfot4",5,"2026-04-25T13:11:27.584Z"
"cmoecypnk00luf1jcqr2cgghr","cmoecypnc00l8f1jc4fmr6fbb","cmoecyowr001ff1jcvai6ub9l",3,"2026-04-25T13:11:27.584Z"
"cmoecypnk00lvf1jci6mgaaqm","cmoecypnc00l8f1jc4fmr6fbb","cmoecyowx001hf1jcitibv2kc",4,"2026-04-25T13:11:27.584Z"
"cmoecypnk00lwf1jcqdoairqa","cmoecypnc00l8f1jc4fmr6fbb","cmoecyox2001jf1jcxlmrbsix",3,"2026-04-25T13:11:27.584Z"
"cmoecypnk00lxf1jctucqr6x7","cmoecypnc00l8f1jc4fmr6fbb","cmoecyox8001lf1jclaojl3u4",4,"2026-04-25T13:11:27.584Z"
"cmoecypnk00lyf1jcrhgnkcea","cmoecypnc00l8f1jc4fmr6fbb","cmoecyoxf001nf1jcpcn43q2h",5,"2026-04-25T13:11:27.584Z"
"cmoecypnk00lzf1jcj2oenls2","cmoecypnc00l8f1jc4fmr6fbb","cmoecyoxm001pf1jck372pscl",4,"2026-04-25T13:11:27.584Z"
"cmoecypo600m4f1jc6l6ekn38","cmoecypo000m3f1jc1dqzi0en","cmoecyosy0009f1jcnyjiqtrv",3,"2026-04-25T13:11:27.606Z"
"cmoecypo600m5f1jcmdrvxaos","cmoecypo000m3f1jc1dqzi0en","cmoecyot5000bf1jcz72lbhd2",4,"2026-04-25T13:11:27.606Z"
"cmoecypo600m6f1jcb6hfi3sv","cmoecypo000m3f1jc1dqzi0en","cmoecyotd000df1jc6lsgcq0q",4,"2026-04-25T13:11:27.606Z"
"cmoecypo600m7f1jc8wwc1gft","cmoecypo000m3f1jc1dqzi0en","cmoecyotj000ff1jcdbezkhdn",4,"2026-04-25T13:11:27.606Z"
"cmoecypo600m8f1jcigosmsjc","cmoecypo000m3f1jc1dqzi0en","cmoecyotr000hf1jcjt49goml",3,"2026-04-25T13:11:27.606Z"
"cmoecypo600m9f1jcwq0olwcd","cmoecypo000m3f1jc1dqzi0en","cmoecyotw000jf1jc5ttuthae",4,"2026-04-25T13:11:27.606Z"
"cmoecypo600maf1jc4khs7d97","cmoecypo000m3f1jc1dqzi0en","cmoecyou2000lf1jc4qzd468r",5,"2026-04-25T13:11:27.606Z"
"cmoecypo600mbf1jcysqs17b9","cmoecypo000m3f1jc1dqzi0en","cmoecyou9000nf1jco1pxt52l",5,"2026-04-25T13:11:27.606Z"
"cmoecypo700mcf1jct4g3nd4z","cmoecypo000m3f1jc1dqzi0en","cmoecyouf000pf1jcz7jx8q8t",3,"2026-04-25T13:11:27.606Z"
"cmoecypo700mdf1jcioadxlsk","cmoecypo000m3f1jc1dqzi0en","cmoecyoun000rf1jc1bma24m3",3,"2026-04-25T13:11:27.606Z"
"cmoecypo700mef1jckpdw8n89","cmoecypo000m3f1jc1dqzi0en","cmoecyout000tf1jcxacpjlb8",3,"2026-04-25T13:11:27.606Z"
"cmoecypo700mff1jc5b4ekj5k","cmoecypo000m3f1jc1dqzi0en","cmoecyov0000vf1jcebemgszg",5,"2026-04-25T13:11:27.606Z"
"cmoecypo700mgf1jcs4pte69e","cmoecypo000m3f1jc1dqzi0en","cmoecyov8000xf1jcczqq5tig",5,"2026-04-25T13:11:27.606Z"
"cmoecypo700mhf1jcr53ljdhf","cmoecypo000m3f1jc1dqzi0en","cmoecyovf000zf1jc6al9h4xw",5,"2026-04-25T13:11:27.606Z"
"cmoecypo700mif1jcsuj5qfof","cmoecypo000m3f1jc1dqzi0en","cmoecyovl0011f1jc20al0cur",5,"2026-04-25T13:11:27.606Z"
"cmoecypo700mjf1jcp1r0uk0q","cmoecypo000m3f1jc1dqzi0en","cmoecyovq0013f1jcwh932esj",4,"2026-04-25T13:11:27.606Z"
"cmoecypo700mkf1jc2uuqaljf","cmoecypo000m3f1jc1dqzi0en","cmoecyovv0015f1jcwn1ix1ku",4,"2026-04-25T13:11:27.606Z"
"cmoecypo700mlf1jcgfvo2spb","cmoecypo000m3f1jc1dqzi0en","cmoecyow10017f1jckvt6jy48",4,"2026-04-25T13:11:27.606Z"
"cmoecypo700mmf1jc1c5z45p7","cmoecypo000m3f1jc1dqzi0en","cmoecyow70019f1jcghkdnibp",3,"2026-04-25T13:11:27.606Z"
"cmoecypo700mnf1jcxhqpacy5","cmoecypo000m3f1jc1dqzi0en","cmoecyowe001bf1jc147lay2z",4,"2026-04-25T13:11:27.606Z"
"cmoecypo700mof1jc620al4cw","cmoecypo000m3f1jc1dqzi0en","cmoecyowk001df1jcitlpfot4",4,"2026-04-25T13:11:27.606Z"
"cmoecypo700mpf1jc623xo4hu","cmoecypo000m3f1jc1dqzi0en","cmoecyowr001ff1jcvai6ub9l",4,"2026-04-25T13:11:27.606Z"
"cmoecypo700mqf1jcbzzhoazy","cmoecypo000m3f1jc1dqzi0en","cmoecyowx001hf1jcitibv2kc",4,"2026-04-25T13:11:27.606Z"
"cmoecypo700mrf1jcmtr8l48i","cmoecypo000m3f1jc1dqzi0en","cmoecyox2001jf1jcxlmrbsix",4,"2026-04-25T13:11:27.606Z"
"cmoecypo700msf1jcjyqeeyhu","cmoecypo000m3f1jc1dqzi0en","cmoecyox8001lf1jclaojl3u4",4,"2026-04-25T13:11:27.606Z"
"cmoecypo700mtf1jcj6e79507","cmoecypo000m3f1jc1dqzi0en","cmoecyoxf001nf1jcpcn43q2h",3,"2026-04-25T13:11:27.606Z"
"cmoecypo700muf1jcwkh7gxpf","cmoecypo000m3f1jc1dqzi0en","cmoecyoxm001pf1jck372pscl",3,"2026-04-25T13:11:27.606Z"
"cmoecypor00mzf1jc7ao9alo3","cmoecypok00myf1jcfnbm84if","cmoecyosy0009f1jcnyjiqtrv",4,"2026-04-25T13:11:27.627Z"
"cmoecypor00n0f1jczpwbalsr","cmoecypok00myf1jcfnbm84if","cmoecyot5000bf1jcz72lbhd2",5,"2026-04-25T13:11:27.627Z"
"cmoecypor00n1f1jcrx70hk4n","cmoecypok00myf1jcfnbm84if","cmoecyotd000df1jc6lsgcq0q",5,"2026-04-25T13:11:27.627Z"
"cmoecypor00n2f1jclu7npaju","cmoecypok00myf1jcfnbm84if","cmoecyotj000ff1jcdbezkhdn",5,"2026-04-25T13:11:27.627Z"
"cmoecypor00n3f1jc94a19os1","cmoecypok00myf1jcfnbm84if","cmoecyotr000hf1jcjt49goml",5,"2026-04-25T13:11:27.627Z"
"cmoecypor00n4f1jcmq0rhih3","cmoecypok00myf1jcfnbm84if","cmoecyotw000jf1jc5ttuthae",4,"2026-04-25T13:11:27.627Z"
"cmoecypor00n5f1jcy85ho10n","cmoecypok00myf1jcfnbm84if","cmoecyou2000lf1jc4qzd468r",4,"2026-04-25T13:11:27.627Z"
"cmoecypor00n6f1jclu6zefmv","cmoecypok00myf1jcfnbm84if","cmoecyou9000nf1jco1pxt52l",5,"2026-04-25T13:11:27.627Z"
"cmoecypor00n7f1jc8y3z1u5x","cmoecypok00myf1jcfnbm84if","cmoecyouf000pf1jcz7jx8q8t",4,"2026-04-25T13:11:27.627Z"
"cmoecypor00n8f1jc4dhqtc9t","cmoecypok00myf1jcfnbm84if","cmoecyoun000rf1jc1bma24m3",4,"2026-04-25T13:11:27.627Z"
"cmoecypor00n9f1jcp9szx6fp","cmoecypok00myf1jcfnbm84if","cmoecyout000tf1jcxacpjlb8",4,"2026-04-25T13:11:27.627Z"
"cmoecypor00naf1jcrsovxx42","cmoecypok00myf1jcfnbm84if","cmoecyov0000vf1jcebemgszg",5,"2026-04-25T13:11:27.627Z"
"cmoecypor00nbf1jcey0rpws0","cmoecypok00myf1jcfnbm84if","cmoecyov8000xf1jcczqq5tig",5,"2026-04-25T13:11:27.627Z"
"cmoecypor00ncf1jc1z03cpuv","cmoecypok00myf1jcfnbm84if","cmoecyovf000zf1jc6al9h4xw",5,"2026-04-25T13:11:27.627Z"
"cmoecypor00ndf1jcabvg02ua","cmoecypok00myf1jcfnbm84if","cmoecyovl0011f1jc20al0cur",4,"2026-04-25T13:11:27.627Z"
"cmoecypor00nef1jcl434lpp7","cmoecypok00myf1jcfnbm84if","cmoecyovq0013f1jcwh932esj",4,"2026-04-25T13:11:27.627Z"
"cmoecypor00nff1jco6igkhib","cmoecypok00myf1jcfnbm84if","cmoecyovv0015f1jcwn1ix1ku",5,"2026-04-25T13:11:27.627Z"
"cmoecypor00ngf1jc8s5ny9re","cmoecypok00myf1jcfnbm84if","cmoecyow10017f1jckvt6jy48",4,"2026-04-25T13:11:27.627Z"
"cmoecypor00nhf1jc4vud5e3n","cmoecypok00myf1jcfnbm84if","cmoecyow70019f1jcghkdnibp",5,"2026-04-25T13:11:27.627Z"
"cmoecypor00nif1jccn642nf7","cmoecypok00myf1jcfnbm84if","cmoecyowe001bf1jc147lay2z",5,"2026-04-25T13:11:27.627Z"
"cmoecypor00njf1jcmfbgo0n4","cmoecypok00myf1jcfnbm84if","cmoecyowk001df1jcitlpfot4",5,"2026-04-25T13:11:27.627Z"
"cmoecypor00nkf1jchstfce14","cmoecypok00myf1jcfnbm84if","cmoecyowr001ff1jcvai6ub9l",5,"2026-04-25T13:11:27.627Z"
"cmoecypor00nlf1jcrewdqsx2","cmoecypok00myf1jcfnbm84if","cmoecyowx001hf1jcitibv2kc",4,"2026-04-25T13:11:27.627Z"
"cmoecypor00nmf1jcnk75clz3","cmoecypok00myf1jcfnbm84if","cmoecyox2001jf1jcxlmrbsix",4,"2026-04-25T13:11:27.627Z"
"cmoecypor00nnf1jc82rrq2tg","cmoecypok00myf1jcfnbm84if","cmoecyox8001lf1jclaojl3u4",4,"2026-04-25T13:11:27.627Z"
"cmoecypor00nof1jc9r2sra0o","cmoecypok00myf1jcfnbm84if","cmoecyoxf001nf1jcpcn43q2h",5,"2026-04-25T13:11:27.627Z"
"cmoecypor00npf1jc9bo25img","cmoecypok00myf1jcfnbm84if","cmoecyoxm001pf1jck372pscl",5,"2026-04-25T13:11:27.627Z"
"cmoecypp900nuf1jc5iswmu2a","cmoecypp300ntf1jc4ix1aau4","cmoecyosy0009f1jcnyjiqtrv",4,"2026-04-25T13:11:27.645Z"
"cmoecypp900nvf1jc57w4p6kb","cmoecypp300ntf1jc4ix1aau4","cmoecyot5000bf1jcz72lbhd2",4,"2026-04-25T13:11:27.645Z"
"cmoecypp900nwf1jcc9uzgp2a","cmoecypp300ntf1jc4ix1aau4","cmoecyotd000df1jc6lsgcq0q",4,"2026-04-25T13:11:27.645Z"
"cmoecypp900nxf1jcub3vljue","cmoecypp300ntf1jc4ix1aau4","cmoecyotj000ff1jcdbezkhdn",5,"2026-04-25T13:11:27.645Z"
"cmoecypp900nyf1jcjnzm23q9","cmoecypp300ntf1jc4ix1aau4","cmoecyotr000hf1jcjt49goml",4,"2026-04-25T13:11:27.645Z"
"cmoecypp900nzf1jc0xjn9b38","cmoecypp300ntf1jc4ix1aau4","cmoecyotw000jf1jc5ttuthae",4,"2026-04-25T13:11:27.645Z"
"cmoecypp900o0f1jcfjdcznyp","cmoecypp300ntf1jc4ix1aau4","cmoecyou2000lf1jc4qzd468r",4,"2026-04-25T13:11:27.645Z"
"cmoecypp900o1f1jcoqhg47wm","cmoecypp300ntf1jc4ix1aau4","cmoecyou9000nf1jco1pxt52l",4,"2026-04-25T13:11:27.645Z"
"cmoecypp900o2f1jch26auxtu","cmoecypp300ntf1jc4ix1aau4","cmoecyouf000pf1jcz7jx8q8t",4,"2026-04-25T13:11:27.645Z"
"cmoecypp900o3f1jc06jy9cuc","cmoecypp300ntf1jc4ix1aau4","cmoecyoun000rf1jc1bma24m3",4,"2026-04-25T13:11:27.645Z"
"cmoecypp900o4f1jc3ssamous","cmoecypp300ntf1jc4ix1aau4","cmoecyout000tf1jcxacpjlb8",4,"2026-04-25T13:11:27.645Z"
"cmoecypp900o5f1jcl66z2rdt","cmoecypp300ntf1jc4ix1aau4","cmoecyov0000vf1jcebemgszg",4,"2026-04-25T13:11:27.645Z"
"cmoecypp900o6f1jc0610kxvj","cmoecypp300ntf1jc4ix1aau4","cmoecyov8000xf1jcczqq5tig",4,"2026-04-25T13:11:27.645Z"
"cmoecypp900o7f1jc3jm7biai","cmoecypp300ntf1jc4ix1aau4","cmoecyovf000zf1jc6al9h4xw",4,"2026-04-25T13:11:27.645Z"
"cmoecypp900o8f1jcxxusj48z","cmoecypp300ntf1jc4ix1aau4","cmoecyovl0011f1jc20al0cur",4,"2026-04-25T13:11:27.645Z"
"cmoecypp900o9f1jcyii6zggm","cmoecypp300ntf1jc4ix1aau4","cmoecyovq0013f1jcwh932esj",4,"2026-04-25T13:11:27.645Z"
"cmoecypp900oaf1jc9xa2dpg4","cmoecypp300ntf1jc4ix1aau4","cmoecyovv0015f1jcwn1ix1ku",4,"2026-04-25T13:11:27.645Z"
"cmoecypp900obf1jca0pkx3bl","cmoecypp300ntf1jc4ix1aau4","cmoecyow10017f1jckvt6jy48",4,"2026-04-25T13:11:27.645Z"
"cmoecypp900ocf1jc3junq0ie","cmoecypp300ntf1jc4ix1aau4","cmoecyow70019f1jcghkdnibp",5,"2026-04-25T13:11:27.645Z"
"cmoecyppa00odf1jcl79oqwij","cmoecypp300ntf1jc4ix1aau4","cmoecyowe001bf1jc147lay2z",4,"2026-04-25T13:11:27.645Z"
"cmoecyppa00oef1jcq1olv5pw","cmoecypp300ntf1jc4ix1aau4","cmoecyowk001df1jcitlpfot4",4,"2026-04-25T13:11:27.645Z"
"cmoecyppa00off1jcn31xnpu8","cmoecypp300ntf1jc4ix1aau4","cmoecyowr001ff1jcvai6ub9l",4,"2026-04-25T13:11:27.645Z"
"cmoecyppa00ogf1jcvpb9njml","cmoecypp300ntf1jc4ix1aau4","cmoecyowx001hf1jcitibv2kc",4,"2026-04-25T13:11:27.645Z"
"cmoecyppa00ohf1jcthr8jymf","cmoecypp300ntf1jc4ix1aau4","cmoecyox2001jf1jcxlmrbsix",4,"2026-04-25T13:11:27.645Z"
"cmoecyppa00oif1jcnft5xu7o","cmoecypp300ntf1jc4ix1aau4","cmoecyox8001lf1jclaojl3u4",5,"2026-04-25T13:11:27.645Z"
"cmoecyppa00ojf1jc32e1t6z8","cmoecypp300ntf1jc4ix1aau4","cmoecyoxf001nf1jcpcn43q2h",4,"2026-04-25T13:11:27.645Z"
"cmoecyppa00okf1jcaeerf9jy","cmoecypp300ntf1jc4ix1aau4","cmoecyoxm001pf1jck372pscl",4,"2026-04-25T13:11:27.645Z"
"cmoecyppt00opf1jca1gkhiy9","cmoecyppn00oof1jcf3wxd5wr","cmoecyosy0009f1jcnyjiqtrv",4,"2026-04-25T13:11:27.665Z"
"cmoecyppt00oqf1jca6js3dyb","cmoecyppn00oof1jcf3wxd5wr","cmoecyot5000bf1jcz72lbhd2",3,"2026-04-25T13:11:27.665Z"
"cmoecyppt00orf1jcp9ssybuo","cmoecyppn00oof1jcf3wxd5wr","cmoecyotd000df1jc6lsgcq0q",3,"2026-04-25T13:11:27.665Z"
"cmoecyppt00osf1jcg2y4t0ic","cmoecyppn00oof1jcf3wxd5wr","cmoecyotj000ff1jcdbezkhdn",3,"2026-04-25T13:11:27.665Z"
"cmoecyppt00otf1jcvz90bwrl","cmoecyppn00oof1jcf3wxd5wr","cmoecyotr000hf1jcjt49goml",4,"2026-04-25T13:11:27.665Z"
"cmoecyppt00ouf1jcn6lql6h0","cmoecyppn00oof1jcf3wxd5wr","cmoecyotw000jf1jc5ttuthae",4,"2026-04-25T13:11:27.665Z"
"cmoecyppt00ovf1jc4h8532os","cmoecyppn00oof1jcf3wxd5wr","cmoecyou2000lf1jc4qzd468r",3,"2026-04-25T13:11:27.665Z"
"cmoecyppt00owf1jc8mkpm8ni","cmoecyppn00oof1jcf3wxd5wr","cmoecyou9000nf1jco1pxt52l",3,"2026-04-25T13:11:27.665Z"
"cmoecyppt00oxf1jcfz02txp5","cmoecyppn00oof1jcf3wxd5wr","cmoecyouf000pf1jcz7jx8q8t",4,"2026-04-25T13:11:27.665Z"
"cmoecyppt00oyf1jco3be6iug","cmoecyppn00oof1jcf3wxd5wr","cmoecyoun000rf1jc1bma24m3",4,"2026-04-25T13:11:27.665Z"
"cmoecyppt00ozf1jceg1h8s2u","cmoecyppn00oof1jcf3wxd5wr","cmoecyout000tf1jcxacpjlb8",4,"2026-04-25T13:11:27.665Z"
"cmoecyppt00p0f1jc9lx3b921","cmoecyppn00oof1jcf3wxd5wr","cmoecyov0000vf1jcebemgszg",4,"2026-04-25T13:11:27.665Z"
"cmoecyppt00p1f1jchcivp8ko","cmoecyppn00oof1jcf3wxd5wr","cmoecyov8000xf1jcczqq5tig",4,"2026-04-25T13:11:27.665Z"
"cmoecyppt00p2f1jcqmedtbxx","cmoecyppn00oof1jcf3wxd5wr","cmoecyovf000zf1jc6al9h4xw",4,"2026-04-25T13:11:27.665Z"
"cmoecyppt00p3f1jcvaebpvir","cmoecyppn00oof1jcf3wxd5wr","cmoecyovl0011f1jc20al0cur",4,"2026-04-25T13:11:27.665Z"
"cmoecyppt00p4f1jc9e6abdvk","cmoecyppn00oof1jcf3wxd5wr","cmoecyovq0013f1jcwh932esj",3,"2026-04-25T13:11:27.665Z"
"cmoecyppt00p5f1jcvvoyeh3m","cmoecyppn00oof1jcf3wxd5wr","cmoecyovv0015f1jcwn1ix1ku",3,"2026-04-25T13:11:27.665Z"
"cmoecyppt00p6f1jcw31y9ubj","cmoecyppn00oof1jcf3wxd5wr","cmoecyow10017f1jckvt6jy48",3,"2026-04-25T13:11:27.665Z"
"cmoecyppt00p7f1jcxds3bqqh","cmoecyppn00oof1jcf3wxd5wr","cmoecyow70019f1jcghkdnibp",3,"2026-04-25T13:11:27.665Z"
"cmoecyppt00p8f1jc2xnb0edc","cmoecyppn00oof1jcf3wxd5wr","cmoecyowe001bf1jc147lay2z",4,"2026-04-25T13:11:27.665Z"
"cmoecyppt00p9f1jc4dqbrhil","cmoecyppn00oof1jcf3wxd5wr","cmoecyowk001df1jcitlpfot4",4,"2026-04-25T13:11:27.665Z"
"cmoecyppt00paf1jc77vt46qt","cmoecyppn00oof1jcf3wxd5wr","cmoecyowr001ff1jcvai6ub9l",4,"2026-04-25T13:11:27.665Z"
"cmoecyppt00pbf1jcksppzkxy","cmoecyppn00oof1jcf3wxd5wr","cmoecyowx001hf1jcitibv2kc",3,"2026-04-25T13:11:27.665Z"
"cmoecyppt00pcf1jc0gc7qk1o","cmoecyppn00oof1jcf3wxd5wr","cmoecyox2001jf1jcxlmrbsix",3,"2026-04-25T13:11:27.665Z"
"cmoecyppt00pdf1jcx2uqrxdp","cmoecyppn00oof1jcf3wxd5wr","cmoecyox8001lf1jclaojl3u4",3,"2026-04-25T13:11:27.665Z"
"cmoecyppt00pef1jcg278lmxv","cmoecyppn00oof1jcf3wxd5wr","cmoecyoxf001nf1jcpcn43q2h",3,"2026-04-25T13:11:27.665Z"
"cmoecyppt00pff1jcdeeoxdr6","cmoecyppn00oof1jcf3wxd5wr","cmoecyoxm001pf1jck372pscl",3,"2026-04-25T13:11:27.665Z"
"cmoecypqd00pkf1jcl7mvrce6","cmoecypq800pjf1jcjrpczwwm","cmoecyosy0009f1jcnyjiqtrv",4,"2026-04-25T13:11:27.686Z"
"cmoecypqd00plf1jc0s84r59b","cmoecypq800pjf1jcjrpczwwm","cmoecyot5000bf1jcz72lbhd2",3,"2026-04-25T13:11:27.686Z"
"cmoecypqd00pmf1jczofahhub","cmoecypq800pjf1jcjrpczwwm","cmoecyotd000df1jc6lsgcq0q",3,"2026-04-25T13:11:27.686Z"
"cmoecypqd00pnf1jc7j6t7zs7","cmoecypq800pjf1jcjrpczwwm","cmoecyotj000ff1jcdbezkhdn",5,"2026-04-25T13:11:27.686Z"
"cmoecypqd00pof1jckib5xq2f","cmoecypq800pjf1jcjrpczwwm","cmoecyotr000hf1jcjt49goml",4,"2026-04-25T13:11:27.686Z"
"cmoecypqd00ppf1jcoioa3y63","cmoecypq800pjf1jcjrpczwwm","cmoecyotw000jf1jc5ttuthae",4,"2026-04-25T13:11:27.686Z"
"cmoecypqd00pqf1jcz7h96bj3","cmoecypq800pjf1jcjrpczwwm","cmoecyou2000lf1jc4qzd468r",4,"2026-04-25T13:11:27.686Z"
"cmoecypqd00prf1jc7xfsqilk","cmoecypq800pjf1jcjrpczwwm","cmoecyou9000nf1jco1pxt52l",4,"2026-04-25T13:11:27.686Z"
"cmoecypqd00psf1jcq4urh3vc","cmoecypq800pjf1jcjrpczwwm","cmoecyouf000pf1jcz7jx8q8t",5,"2026-04-25T13:11:27.686Z"
"cmoecypqd00ptf1jcmma4a4um","cmoecypq800pjf1jcjrpczwwm","cmoecyoun000rf1jc1bma24m3",3,"2026-04-25T13:11:27.686Z"
"cmoecypqd00puf1jcw9aasds0","cmoecypq800pjf1jcjrpczwwm","cmoecyout000tf1jcxacpjlb8",4,"2026-04-25T13:11:27.686Z"
"cmoecypqd00pvf1jc1zw4gfl9","cmoecypq800pjf1jcjrpczwwm","cmoecyov0000vf1jcebemgszg",3,"2026-04-25T13:11:27.686Z"
"cmoecypqd00pwf1jccmstcgu3","cmoecypq800pjf1jcjrpczwwm","cmoecyov8000xf1jcczqq5tig",5,"2026-04-25T13:11:27.686Z"
"cmoecypqd00pxf1jc9pe4sgjv","cmoecypq800pjf1jcjrpczwwm","cmoecyovf000zf1jc6al9h4xw",4,"2026-04-25T13:11:27.686Z"
"cmoecypqd00pyf1jc7dqk5igk","cmoecypq800pjf1jcjrpczwwm","cmoecyovl0011f1jc20al0cur",4,"2026-04-25T13:11:27.686Z"
"cmoecypqd00pzf1jc3tmc9rs3","cmoecypq800pjf1jcjrpczwwm","cmoecyovq0013f1jcwh932esj",4,"2026-04-25T13:11:27.686Z"
"cmoecypqd00q0f1jc2ea5j91p","cmoecypq800pjf1jcjrpczwwm","cmoecyovv0015f1jcwn1ix1ku",4,"2026-04-25T13:11:27.686Z"
"cmoecypqe00q1f1jcemkys68h","cmoecypq800pjf1jcjrpczwwm","cmoecyow10017f1jckvt6jy48",5,"2026-04-25T13:11:27.686Z"
"cmoecypqe00q2f1jcwxrj6tsm","cmoecypq800pjf1jcjrpczwwm","cmoecyow70019f1jcghkdnibp",4,"2026-04-25T13:11:27.686Z"
"cmoecypqe00q3f1jcmluclj7h","cmoecypq800pjf1jcjrpczwwm","cmoecyowe001bf1jc147lay2z",3,"2026-04-25T13:11:27.686Z"
"cmoecypqe00q4f1jcrnulxhv0","cmoecypq800pjf1jcjrpczwwm","cmoecyowk001df1jcitlpfot4",4,"2026-04-25T13:11:27.686Z"
"cmoecypqe00q5f1jc5f6mi5mm","cmoecypq800pjf1jcjrpczwwm","cmoecyowr001ff1jcvai6ub9l",4,"2026-04-25T13:11:27.686Z"
"cmoecypqe00q6f1jcelyh46qh","cmoecypq800pjf1jcjrpczwwm","cmoecyowx001hf1jcitibv2kc",3,"2026-04-25T13:11:27.686Z"
"cmoecypqe00q7f1jcatqtub2p","cmoecypq800pjf1jcjrpczwwm","cmoecyox2001jf1jcxlmrbsix",4,"2026-04-25T13:11:27.686Z"
"cmoecypqe00q8f1jcf8deogbv","cmoecypq800pjf1jcjrpczwwm","cmoecyox8001lf1jclaojl3u4",4,"2026-04-25T13:11:27.686Z"
"cmoecypqe00q9f1jcay0lm52z","cmoecypq800pjf1jcjrpczwwm","cmoecyoxf001nf1jcpcn43q2h",4,"2026-04-25T13:11:27.686Z"
"cmoecypqe00qaf1jc97yy3clp","cmoecypq800pjf1jcjrpczwwm","cmoecyoxm001pf1jck372pscl",3,"2026-04-25T13:11:27.686Z"
"cmoecypqv00qff1jc0vbbou79","cmoecypqq00qef1jcs0gyjr1c","cmoecyosy0009f1jcnyjiqtrv",3,"2026-04-25T13:11:27.703Z"
"cmoecypqv00qgf1jcme4iuite","cmoecypqq00qef1jcs0gyjr1c","cmoecyot5000bf1jcz72lbhd2",3,"2026-04-25T13:11:27.703Z"
"cmoecypqv00qhf1jcsqf4su4i","cmoecypqq00qef1jcs0gyjr1c","cmoecyotd000df1jc6lsgcq0q",3,"2026-04-25T13:11:27.703Z"
"cmoecypqv00qif1jcifo396tu","cmoecypqq00qef1jcs0gyjr1c","cmoecyotj000ff1jcdbezkhdn",3,"2026-04-25T13:11:27.703Z"
"cmoecypqv00qjf1jca85aqpmu","cmoecypqq00qef1jcs0gyjr1c","cmoecyotr000hf1jcjt49goml",3,"2026-04-25T13:11:27.703Z"
"cmoecypqv00qkf1jcgiiheluo","cmoecypqq00qef1jcs0gyjr1c","cmoecyotw000jf1jc5ttuthae",3,"2026-04-25T13:11:27.703Z"
"cmoecypqv00qlf1jc29imost3","cmoecypqq00qef1jcs0gyjr1c","cmoecyou2000lf1jc4qzd468r",3,"2026-04-25T13:11:27.703Z"
"cmoecypqv00qmf1jciayk1qf9","cmoecypqq00qef1jcs0gyjr1c","cmoecyou9000nf1jco1pxt52l",4,"2026-04-25T13:11:27.703Z"
"cmoecypqv00qnf1jco6xegbga","cmoecypqq00qef1jcs0gyjr1c","cmoecyouf000pf1jcz7jx8q8t",4,"2026-04-25T13:11:27.703Z"
"cmoecypqv00qof1jctobf75dt","cmoecypqq00qef1jcs0gyjr1c","cmoecyoun000rf1jc1bma24m3",3,"2026-04-25T13:11:27.703Z"
"cmoecypqv00qpf1jcivxxsopt","cmoecypqq00qef1jcs0gyjr1c","cmoecyout000tf1jcxacpjlb8",3,"2026-04-25T13:11:27.703Z"
"cmoecypqv00qqf1jcwca2jav2","cmoecypqq00qef1jcs0gyjr1c","cmoecyov0000vf1jcebemgszg",3,"2026-04-25T13:11:27.703Z"
"cmoecypqv00qrf1jcg007tfzt","cmoecypqq00qef1jcs0gyjr1c","cmoecyov8000xf1jcczqq5tig",4,"2026-04-25T13:11:27.703Z"
"cmoecypqv00qsf1jco1swt3cd","cmoecypqq00qef1jcs0gyjr1c","cmoecyovf000zf1jc6al9h4xw",3,"2026-04-25T13:11:27.703Z"
"cmoecypqv00qtf1jcspyqn2la","cmoecypqq00qef1jcs0gyjr1c","cmoecyovl0011f1jc20al0cur",4,"2026-04-25T13:11:27.703Z"
"cmoecypqv00quf1jcs3yjszjg","cmoecypqq00qef1jcs0gyjr1c","cmoecyovq0013f1jcwh932esj",3,"2026-04-25T13:11:27.703Z"
"cmoecypqv00qvf1jckdkf47bs","cmoecypqq00qef1jcs0gyjr1c","cmoecyovv0015f1jcwn1ix1ku",3,"2026-04-25T13:11:27.703Z"
"cmoecypqv00qwf1jcc8s8z25i","cmoecypqq00qef1jcs0gyjr1c","cmoecyow10017f1jckvt6jy48",3,"2026-04-25T13:11:27.703Z"
"cmoecypqv00qxf1jcbzu9df4s","cmoecypqq00qef1jcs0gyjr1c","cmoecyow70019f1jcghkdnibp",4,"2026-04-25T13:11:27.703Z"
"cmoecypqv00qyf1jc407wllff","cmoecypqq00qef1jcs0gyjr1c","cmoecyowe001bf1jc147lay2z",3,"2026-04-25T13:11:27.703Z"
"cmoecypqv00qzf1jcrky30ygu","cmoecypqq00qef1jcs0gyjr1c","cmoecyowk001df1jcitlpfot4",3,"2026-04-25T13:11:27.703Z"
"cmoecypqv00r0f1jczcgm2iz1","cmoecypqq00qef1jcs0gyjr1c","cmoecyowr001ff1jcvai6ub9l",3,"2026-04-25T13:11:27.703Z"
"cmoecypqv00r1f1jcscwnaa03","cmoecypqq00qef1jcs0gyjr1c","cmoecyowx001hf1jcitibv2kc",3,"2026-04-25T13:11:27.703Z"
"cmoecypqv00r2f1jcmxc1av0z","cmoecypqq00qef1jcs0gyjr1c","cmoecyox2001jf1jcxlmrbsix",3,"2026-04-25T13:11:27.703Z"
"cmoecypqv00r3f1jcfcg82jmo","cmoecypqq00qef1jcs0gyjr1c","cmoecyox8001lf1jclaojl3u4",3,"2026-04-25T13:11:27.703Z"
"cmoecypqv00r4f1jcgkalytqf","cmoecypqq00qef1jcs0gyjr1c","cmoecyoxf001nf1jcpcn43q2h",3,"2026-04-25T13:11:27.703Z"
"cmoecypqv00r5f1jcob0h8hru","cmoecypqq00qef1jcs0gyjr1c","cmoecyoxm001pf1jck372pscl",3,"2026-04-25T13:11:27.703Z"
"cmoecyprf00raf1jcx31ilfkj","cmoecypr800r9f1jc2buexocz","cmoecyosy0009f1jcnyjiqtrv",3,"2026-04-25T13:11:27.723Z"
"cmoecyprf00rbf1jcrbci6toh","cmoecypr800r9f1jc2buexocz","cmoecyot5000bf1jcz72lbhd2",4,"2026-04-25T13:11:27.723Z"
"cmoecyprf00rcf1jcl5xkeqhg","cmoecypr800r9f1jc2buexocz","cmoecyotd000df1jc6lsgcq0q",3,"2026-04-25T13:11:27.723Z"
"cmoecyprf00rdf1jcsp068vt2","cmoecypr800r9f1jc2buexocz","cmoecyotj000ff1jcdbezkhdn",4,"2026-04-25T13:11:27.723Z"
"cmoecyprf00ref1jc54w3hfqa","cmoecypr800r9f1jc2buexocz","cmoecyotr000hf1jcjt49goml",3,"2026-04-25T13:11:27.723Z"
"cmoecyprf00rff1jck76nxjfk","cmoecypr800r9f1jc2buexocz","cmoecyotw000jf1jc5ttuthae",3,"2026-04-25T13:11:27.723Z"
"cmoecyprf00rgf1jcwa51tcdc","cmoecypr800r9f1jc2buexocz","cmoecyou2000lf1jc4qzd468r",3,"2026-04-25T13:11:27.723Z"
"cmoecyprf00rhf1jcnq5txwzx","cmoecypr800r9f1jc2buexocz","cmoecyou9000nf1jco1pxt52l",3,"2026-04-25T13:11:27.723Z"
"cmoecyprf00rif1jc5sfw8w35","cmoecypr800r9f1jc2buexocz","cmoecyouf000pf1jcz7jx8q8t",3,"2026-04-25T13:11:27.723Z"
"cmoecyprf00rjf1jc64df3i0v","cmoecypr800r9f1jc2buexocz","cmoecyoun000rf1jc1bma24m3",4,"2026-04-25T13:11:27.723Z"
"cmoecyprf00rkf1jc48ey7zf5","cmoecypr800r9f1jc2buexocz","cmoecyout000tf1jcxacpjlb8",4,"2026-04-25T13:11:27.723Z"
"cmoecyprf00rlf1jc74mxm1yu","cmoecypr800r9f1jc2buexocz","cmoecyov0000vf1jcebemgszg",3,"2026-04-25T13:11:27.723Z"
"cmoecyprf00rmf1jc4p2i1epu","cmoecypr800r9f1jc2buexocz","cmoecyov8000xf1jcczqq5tig",4,"2026-04-25T13:11:27.723Z"
"cmoecyprf00rnf1jcvs72pgrp","cmoecypr800r9f1jc2buexocz","cmoecyovf000zf1jc6al9h4xw",3,"2026-04-25T13:11:27.723Z"
"cmoecyprf00rof1jcebaglcxd","cmoecypr800r9f1jc2buexocz","cmoecyovl0011f1jc20al0cur",3,"2026-04-25T13:11:27.723Z"
"cmoecyprf00rpf1jczia1mg00","cmoecypr800r9f1jc2buexocz","cmoecyovq0013f1jcwh932esj",4,"2026-04-25T13:11:27.723Z"
"cmoecyprf00rqf1jc8fho1wpw","cmoecypr800r9f1jc2buexocz","cmoecyovv0015f1jcwn1ix1ku",4,"2026-04-25T13:11:27.723Z"
"cmoecyprf00rrf1jc6zstl4qc","cmoecypr800r9f1jc2buexocz","cmoecyow10017f1jckvt6jy48",4,"2026-04-25T13:11:27.723Z"
"cmoecyprf00rsf1jca17zypwb","cmoecypr800r9f1jc2buexocz","cmoecyow70019f1jcghkdnibp",3,"2026-04-25T13:11:27.723Z"
"cmoecyprf00rtf1jcmxku036q","cmoecypr800r9f1jc2buexocz","cmoecyowe001bf1jc147lay2z",4,"2026-04-25T13:11:27.723Z"
"cmoecyprf00ruf1jctxevmemr","cmoecypr800r9f1jc2buexocz","cmoecyowk001df1jcitlpfot4",3,"2026-04-25T13:11:27.723Z"
"cmoecyprf00rvf1jch599u13f","cmoecypr800r9f1jc2buexocz","cmoecyowr001ff1jcvai6ub9l",3,"2026-04-25T13:11:27.723Z"
"cmoecyprf00rwf1jcmcz672zu","cmoecypr800r9f1jc2buexocz","cmoecyowx001hf1jcitibv2kc",3,"2026-04-25T13:11:27.723Z"
"cmoecyprf00rxf1jcqje3cozy","cmoecypr800r9f1jc2buexocz","cmoecyox2001jf1jcxlmrbsix",3,"2026-04-25T13:11:27.723Z"
"cmoecyprf00ryf1jcm12y8mis","cmoecypr800r9f1jc2buexocz","cmoecyox8001lf1jclaojl3u4",3,"2026-04-25T13:11:27.723Z"
"cmoecyprf00rzf1jcu6xz9wxq","cmoecypr800r9f1jc2buexocz","cmoecyoxf001nf1jcpcn43q2h",4,"2026-04-25T13:11:27.723Z"
"cmoecyprf00s0f1jcmslctoe6","cmoecypr800r9f1jc2buexocz","cmoecyoxm001pf1jck372pscl",4,"2026-04-25T13:11:27.723Z"
"cmoecyprz00s5f1jca0o24j5j","cmoecyprt00s4f1jcopzpf5hc","cmoecyosy0009f1jcnyjiqtrv",4,"2026-04-25T13:11:27.743Z"
"cmoecyprz00s6f1jcr5dvvo04","cmoecyprt00s4f1jcopzpf5hc","cmoecyot5000bf1jcz72lbhd2",5,"2026-04-25T13:11:27.743Z"
"cmoecyprz00s7f1jc7qlt8nzn","cmoecyprt00s4f1jcopzpf5hc","cmoecyotd000df1jc6lsgcq0q",5,"2026-04-25T13:11:27.743Z"
"cmoecyprz00s8f1jcc16qfvpr","cmoecyprt00s4f1jcopzpf5hc","cmoecyotj000ff1jcdbezkhdn",4,"2026-04-25T13:11:27.743Z"
"cmoecyprz00s9f1jcyw5s6emd","cmoecyprt00s4f1jcopzpf5hc","cmoecyotr000hf1jcjt49goml",4,"2026-04-25T13:11:27.743Z"
"cmoecyprz00saf1jceny9gp7f","cmoecyprt00s4f1jcopzpf5hc","cmoecyotw000jf1jc5ttuthae",5,"2026-04-25T13:11:27.743Z"
"cmoecyprz00sbf1jccor4exay","cmoecyprt00s4f1jcopzpf5hc","cmoecyou2000lf1jc4qzd468r",5,"2026-04-25T13:11:27.743Z"
"cmoecyprz00scf1jcvdrj1qc4","cmoecyprt00s4f1jcopzpf5hc","cmoecyou9000nf1jco1pxt52l",5,"2026-04-25T13:11:27.743Z"
"cmoecyprz00sdf1jcs8i4lesl","cmoecyprt00s4f1jcopzpf5hc","cmoecyouf000pf1jcz7jx8q8t",4,"2026-04-25T13:11:27.743Z"
"cmoecyprz00sef1jcxsaskint","cmoecyprt00s4f1jcopzpf5hc","cmoecyoun000rf1jc1bma24m3",4,"2026-04-25T13:11:27.743Z"
"cmoecyprz00sff1jcxt8ijlh5","cmoecyprt00s4f1jcopzpf5hc","cmoecyout000tf1jcxacpjlb8",5,"2026-04-25T13:11:27.743Z"
"cmoecyprz00sgf1jcfo18y1ff","cmoecyprt00s4f1jcopzpf5hc","cmoecyov0000vf1jcebemgszg",5,"2026-04-25T13:11:27.743Z"
"cmoecyprz00shf1jcup0nbklp","cmoecyprt00s4f1jcopzpf5hc","cmoecyov8000xf1jcczqq5tig",5,"2026-04-25T13:11:27.743Z"
"cmoecyprz00sif1jcs61rvvcw","cmoecyprt00s4f1jcopzpf5hc","cmoecyovf000zf1jc6al9h4xw",5,"2026-04-25T13:11:27.743Z"
"cmoecyprz00sjf1jc7hufjpu5","cmoecyprt00s4f1jcopzpf5hc","cmoecyovl0011f1jc20al0cur",4,"2026-04-25T13:11:27.743Z"
"cmoecyprz00skf1jco38ujsnb","cmoecyprt00s4f1jcopzpf5hc","cmoecyovq0013f1jcwh932esj",5,"2026-04-25T13:11:27.743Z"
"cmoecyprz00slf1jcbea6nzas","cmoecyprt00s4f1jcopzpf5hc","cmoecyovv0015f1jcwn1ix1ku",5,"2026-04-25T13:11:27.743Z"
"cmoecyprz00smf1jceo454kuu","cmoecyprt00s4f1jcopzpf5hc","cmoecyow10017f1jckvt6jy48",4,"2026-04-25T13:11:27.743Z"
"cmoecyprz00snf1jcawyok7cw","cmoecyprt00s4f1jcopzpf5hc","cmoecyow70019f1jcghkdnibp",5,"2026-04-25T13:11:27.743Z"
"cmoecyprz00sof1jc5rlfl04x","cmoecyprt00s4f1jcopzpf5hc","cmoecyowe001bf1jc147lay2z",5,"2026-04-25T13:11:27.743Z"
"cmoecyprz00spf1jc73rvsr5e","cmoecyprt00s4f1jcopzpf5hc","cmoecyowk001df1jcitlpfot4",4,"2026-04-25T13:11:27.743Z"
"cmoecyprz00sqf1jc0stzjo2t","cmoecyprt00s4f1jcopzpf5hc","cmoecyowr001ff1jcvai6ub9l",4,"2026-04-25T13:11:27.743Z"
"cmoecyprz00srf1jcvpmpyaaz","cmoecyprt00s4f1jcopzpf5hc","cmoecyowx001hf1jcitibv2kc",4,"2026-04-25T13:11:27.743Z"
"cmoecyprz00ssf1jce88roc2c","cmoecyprt00s4f1jcopzpf5hc","cmoecyox2001jf1jcxlmrbsix",5,"2026-04-25T13:11:27.743Z"
"cmoecyprz00stf1jc7bbiwoyn","cmoecyprt00s4f1jcopzpf5hc","cmoecyox8001lf1jclaojl3u4",4,"2026-04-25T13:11:27.743Z"
"cmoecyprz00suf1jczhdazm96","cmoecyprt00s4f1jcopzpf5hc","cmoecyoxf001nf1jcpcn43q2h",4,"2026-04-25T13:11:27.743Z"
"cmoecyprz00svf1jce10htcit","cmoecyprt00s4f1jcopzpf5hc","cmoecyoxm001pf1jck372pscl",4,"2026-04-25T13:11:27.743Z"
"cmoecypsj00t0f1jch5ltvc8e","cmoecypsb00szf1jcff8w0a9z","cmoecyosy0009f1jcnyjiqtrv",4,"2026-04-25T13:11:27.763Z"
"cmoecypsj00t1f1jcp3ophxpp","cmoecypsb00szf1jcff8w0a9z","cmoecyot5000bf1jcz72lbhd2",4,"2026-04-25T13:11:27.763Z"
"cmoecypsj00t2f1jcnq14sl3k","cmoecypsb00szf1jcff8w0a9z","cmoecyotd000df1jc6lsgcq0q",4,"2026-04-25T13:11:27.763Z"
"cmoecypsj00t3f1jcjlw2yi6f","cmoecypsb00szf1jcff8w0a9z","cmoecyotj000ff1jcdbezkhdn",3,"2026-04-25T13:11:27.763Z"
"cmoecypsj00t4f1jcuded9big","cmoecypsb00szf1jcff8w0a9z","cmoecyotr000hf1jcjt49goml",4,"2026-04-25T13:11:27.763Z"
"cmoecypsj00t5f1jcvv0jtrcr","cmoecypsb00szf1jcff8w0a9z","cmoecyotw000jf1jc5ttuthae",4,"2026-04-25T13:11:27.763Z"
"cmoecypsj00t6f1jce6biijue","cmoecypsb00szf1jcff8w0a9z","cmoecyou2000lf1jc4qzd468r",4,"2026-04-25T13:11:27.763Z"
"cmoecypsj00t7f1jch3uuub8g","cmoecypsb00szf1jcff8w0a9z","cmoecyou9000nf1jco1pxt52l",3,"2026-04-25T13:11:27.763Z"
"cmoecypsj00t8f1jcizuj2yg1","cmoecypsb00szf1jcff8w0a9z","cmoecyouf000pf1jcz7jx8q8t",3,"2026-04-25T13:11:27.763Z"
"cmoecypsj00t9f1jcegg72wlv","cmoecypsb00szf1jcff8w0a9z","cmoecyoun000rf1jc1bma24m3",3,"2026-04-25T13:11:27.763Z"
"cmoecypsj00taf1jczd7uk7ro","cmoecypsb00szf1jcff8w0a9z","cmoecyout000tf1jcxacpjlb8",3,"2026-04-25T13:11:27.763Z"
"cmoecypsj00tbf1jcu3god2ta","cmoecypsb00szf1jcff8w0a9z","cmoecyov0000vf1jcebemgszg",3,"2026-04-25T13:11:27.763Z"
"cmoecypsj00tcf1jcjpbgb2lr","cmoecypsb00szf1jcff8w0a9z","cmoecyov8000xf1jcczqq5tig",4,"2026-04-25T13:11:27.763Z"
"cmoecypsj00tdf1jcng5y9ymp","cmoecypsb00szf1jcff8w0a9z","cmoecyovf000zf1jc6al9h4xw",4,"2026-04-25T13:11:27.763Z"
"cmoecypsj00tef1jc4zlackrj","cmoecypsb00szf1jcff8w0a9z","cmoecyovl0011f1jc20al0cur",4,"2026-04-25T13:11:27.763Z"
"cmoecypsj00tff1jcfx6hx3fm","cmoecypsb00szf1jcff8w0a9z","cmoecyovq0013f1jcwh932esj",4,"2026-04-25T13:11:27.763Z"
"cmoecypsj00tgf1jcuci3f8tg","cmoecypsb00szf1jcff8w0a9z","cmoecyovv0015f1jcwn1ix1ku",4,"2026-04-25T13:11:27.763Z"
"cmoecypsj00thf1jcy3h5lbzq","cmoecypsb00szf1jcff8w0a9z","cmoecyow10017f1jckvt6jy48",3,"2026-04-25T13:11:27.763Z"
"cmoecypsj00tif1jczj3c34tq","cmoecypsb00szf1jcff8w0a9z","cmoecyow70019f1jcghkdnibp",4,"2026-04-25T13:11:27.763Z"
"cmoecypsj00tjf1jc5qkv9tpe","cmoecypsb00szf1jcff8w0a9z","cmoecyowe001bf1jc147lay2z",4,"2026-04-25T13:11:27.763Z"
"cmoecypsj00tkf1jcf5laiz6f","cmoecypsb00szf1jcff8w0a9z","cmoecyowk001df1jcitlpfot4",4,"2026-04-25T13:11:27.763Z"
"cmoecypsj00tlf1jclkgpwioz","cmoecypsb00szf1jcff8w0a9z","cmoecyowr001ff1jcvai6ub9l",3,"2026-04-25T13:11:27.763Z"
"cmoecypsj00tmf1jclafa0etz","cmoecypsb00szf1jcff8w0a9z","cmoecyowx001hf1jcitibv2kc",3,"2026-04-25T13:11:27.763Z"
"cmoecypsj00tnf1jcxqpimn77","cmoecypsb00szf1jcff8w0a9z","cmoecyox2001jf1jcxlmrbsix",3,"2026-04-25T13:11:27.763Z"
"cmoecypsj00tof1jcfm9vst74","cmoecypsb00szf1jcff8w0a9z","cmoecyox8001lf1jclaojl3u4",3,"2026-04-25T13:11:27.763Z"
"cmoecypsj00tpf1jc1kh382b4","cmoecypsb00szf1jcff8w0a9z","cmoecyoxf001nf1jcpcn43q2h",3,"2026-04-25T13:11:27.763Z"
"cmoecypsj00tqf1jc0cqu3zrg","cmoecypsb00szf1jcff8w0a9z","cmoecyoxm001pf1jck372pscl",3,"2026-04-25T13:11:27.763Z"
"cmoecypt600tvf1jc5srca11e","cmoecypt000tuf1jczje10lkd","cmoecyosy0009f1jcnyjiqtrv",3,"2026-04-25T13:11:27.786Z"
"cmoecypt600twf1jc4zkb3p0z","cmoecypt000tuf1jczje10lkd","cmoecyot5000bf1jcz72lbhd2",3,"2026-04-25T13:11:27.786Z"
"cmoecypt600txf1jcthad5cv0","cmoecypt000tuf1jczje10lkd","cmoecyotd000df1jc6lsgcq0q",3,"2026-04-25T13:11:27.786Z"
"cmoecypt600tyf1jc6m53es09","cmoecypt000tuf1jczje10lkd","cmoecyotj000ff1jcdbezkhdn",3,"2026-04-25T13:11:27.786Z"
"cmoecypt600tzf1jc28gnewh3","cmoecypt000tuf1jczje10lkd","cmoecyotr000hf1jcjt49goml",3,"2026-04-25T13:11:27.786Z"
"cmoecypt600u0f1jcvzyf3gvn","cmoecypt000tuf1jczje10lkd","cmoecyotw000jf1jc5ttuthae",3,"2026-04-25T13:11:27.786Z"
"cmoecypt600u1f1jcc2j23zv4","cmoecypt000tuf1jczje10lkd","cmoecyou2000lf1jc4qzd468r",3,"2026-04-25T13:11:27.786Z"
"cmoecypt600u2f1jcur9xe05j","cmoecypt000tuf1jczje10lkd","cmoecyou9000nf1jco1pxt52l",4,"2026-04-25T13:11:27.786Z"
"cmoecypt600u3f1jc2v0gx392","cmoecypt000tuf1jczje10lkd","cmoecyouf000pf1jcz7jx8q8t",4,"2026-04-25T13:11:27.786Z"
"cmoecypt600u4f1jcugn8u0i0","cmoecypt000tuf1jczje10lkd","cmoecyoun000rf1jc1bma24m3",3,"2026-04-25T13:11:27.786Z"
"cmoecypt600u5f1jcw3be3wtv","cmoecypt000tuf1jczje10lkd","cmoecyout000tf1jcxacpjlb8",3,"2026-04-25T13:11:27.786Z"
"cmoecypt600u6f1jcv5ilajzi","cmoecypt000tuf1jczje10lkd","cmoecyov0000vf1jcebemgszg",4,"2026-04-25T13:11:27.786Z"
"cmoecypt600u7f1jcjv906buf","cmoecypt000tuf1jczje10lkd","cmoecyov8000xf1jcczqq5tig",3,"2026-04-25T13:11:27.786Z"
"cmoecypt600u8f1jcrvdt3i2e","cmoecypt000tuf1jczje10lkd","cmoecyovf000zf1jc6al9h4xw",3,"2026-04-25T13:11:27.786Z"
"cmoecypt600u9f1jc9pr9ae40","cmoecypt000tuf1jczje10lkd","cmoecyovl0011f1jc20al0cur",4,"2026-04-25T13:11:27.786Z"
"cmoecypt600uaf1jcin1m1nal","cmoecypt000tuf1jczje10lkd","cmoecyovq0013f1jcwh932esj",3,"2026-04-25T13:11:27.786Z"
"cmoecypt600ubf1jc50ztd7yp","cmoecypt000tuf1jczje10lkd","cmoecyovv0015f1jcwn1ix1ku",4,"2026-04-25T13:11:27.786Z"
"cmoecypt600ucf1jc3qvejvwq","cmoecypt000tuf1jczje10lkd","cmoecyow10017f1jckvt6jy48",3,"2026-04-25T13:11:27.786Z"
"cmoecypt600udf1jcwlbn9dtc","cmoecypt000tuf1jczje10lkd","cmoecyow70019f1jcghkdnibp",3,"2026-04-25T13:11:27.786Z"
"cmoecypt600uef1jc346l4q2l","cmoecypt000tuf1jczje10lkd","cmoecyowe001bf1jc147lay2z",4,"2026-04-25T13:11:27.786Z"
"cmoecypt600uff1jcfm03dpwv","cmoecypt000tuf1jczje10lkd","cmoecyowk001df1jcitlpfot4",3,"2026-04-25T13:11:27.786Z"
"cmoecypt600ugf1jcs7nrtpjd","cmoecypt000tuf1jczje10lkd","cmoecyowr001ff1jcvai6ub9l",4,"2026-04-25T13:11:27.786Z"
"cmoecypt600uhf1jccymtpell","cmoecypt000tuf1jczje10lkd","cmoecyowx001hf1jcitibv2kc",4,"2026-04-25T13:11:27.786Z"
"cmoecypt600uif1jcp0dmbfkh","cmoecypt000tuf1jczje10lkd","cmoecyox2001jf1jcxlmrbsix",3,"2026-04-25T13:11:27.786Z"
"cmoecypt600ujf1jc2cbp2qk1","cmoecypt000tuf1jczje10lkd","cmoecyox8001lf1jclaojl3u4",3,"2026-04-25T13:11:27.786Z"
"cmoecypt600ukf1jc9h6e3crt","cmoecypt000tuf1jczje10lkd","cmoecyoxf001nf1jcpcn43q2h",3,"2026-04-25T13:11:27.786Z"
"cmoecypt600ulf1jcwz3d9fsu","cmoecypt000tuf1jczje10lkd","cmoecyoxm001pf1jck372pscl",3,"2026-04-25T13:11:27.786Z"
"cmoecypto00uqf1jczzo7chc8","cmoecyptj00upf1jc7df8v3mc","cmoecyosy0009f1jcnyjiqtrv",4,"2026-04-25T13:11:27.805Z"
"cmoecypto00urf1jcokwfo9mu","cmoecyptj00upf1jc7df8v3mc","cmoecyot5000bf1jcz72lbhd2",4,"2026-04-25T13:11:27.805Z"
"cmoecypto00usf1jcaz2albnm","cmoecyptj00upf1jc7df8v3mc","cmoecyotd000df1jc6lsgcq0q",4,"2026-04-25T13:11:27.805Z"
"cmoecypto00utf1jckr8f9t3g","cmoecyptj00upf1jc7df8v3mc","cmoecyotj000ff1jcdbezkhdn",5,"2026-04-25T13:11:27.805Z"
"cmoecypto00uuf1jccu70q0cc","cmoecyptj00upf1jc7df8v3mc","cmoecyotr000hf1jcjt49goml",4,"2026-04-25T13:11:27.805Z"
"cmoecypto00uvf1jcxpxo1n25","cmoecyptj00upf1jc7df8v3mc","cmoecyotw000jf1jc5ttuthae",5,"2026-04-25T13:11:27.805Z"
"cmoecypto00uwf1jc28rveg8i","cmoecyptj00upf1jc7df8v3mc","cmoecyou2000lf1jc4qzd468r",5,"2026-04-25T13:11:27.805Z"
"cmoecypto00uxf1jc4wfpe9dr","cmoecyptj00upf1jc7df8v3mc","cmoecyou9000nf1jco1pxt52l",4,"2026-04-25T13:11:27.805Z"
"cmoecypto00uyf1jc0jeom065","cmoecyptj00upf1jc7df8v3mc","cmoecyouf000pf1jcz7jx8q8t",4,"2026-04-25T13:11:27.805Z"
"cmoecypto00uzf1jc8es41gzn","cmoecyptj00upf1jc7df8v3mc","cmoecyoun000rf1jc1bma24m3",5,"2026-04-25T13:11:27.805Z"
"cmoecypto00v0f1jcd9mhbu8b","cmoecyptj00upf1jc7df8v3mc","cmoecyout000tf1jcxacpjlb8",5,"2026-04-25T13:11:27.805Z"
"cmoecypto00v1f1jc8ykwdwgf","cmoecyptj00upf1jc7df8v3mc","cmoecyov0000vf1jcebemgszg",5,"2026-04-25T13:11:27.805Z"
"cmoecypto00v2f1jcwxc1k11j","cmoecyptj00upf1jc7df8v3mc","cmoecyov8000xf1jcczqq5tig",5,"2026-04-25T13:11:27.805Z"
"cmoecypto00v3f1jceac9h8i5","cmoecyptj00upf1jc7df8v3mc","cmoecyovf000zf1jc6al9h4xw",4,"2026-04-25T13:11:27.805Z"
"cmoecypto00v4f1jc8g2jhxcp","cmoecyptj00upf1jc7df8v3mc","cmoecyovl0011f1jc20al0cur",5,"2026-04-25T13:11:27.805Z"
"cmoecypto00v5f1jc5uuntk36","cmoecyptj00upf1jc7df8v3mc","cmoecyovq0013f1jcwh932esj",5,"2026-04-25T13:11:27.805Z"
"cmoecypto00v6f1jc4fqs9y3d","cmoecyptj00upf1jc7df8v3mc","cmoecyovv0015f1jcwn1ix1ku",4,"2026-04-25T13:11:27.805Z"
"cmoecypto00v7f1jc0ez8r7yl","cmoecyptj00upf1jc7df8v3mc","cmoecyow10017f1jckvt6jy48",5,"2026-04-25T13:11:27.805Z"
"cmoecypto00v8f1jc7bc6sedm","cmoecyptj00upf1jc7df8v3mc","cmoecyow70019f1jcghkdnibp",4,"2026-04-25T13:11:27.805Z"
"cmoecypto00v9f1jczbsvj4db","cmoecyptj00upf1jc7df8v3mc","cmoecyowe001bf1jc147lay2z",5,"2026-04-25T13:11:27.805Z"
"cmoecypto00vaf1jc0vqat44w","cmoecyptj00upf1jc7df8v3mc","cmoecyowk001df1jcitlpfot4",4,"2026-04-25T13:11:27.805Z"
"cmoecypto00vbf1jcjjhme8a6","cmoecyptj00upf1jc7df8v3mc","cmoecyowr001ff1jcvai6ub9l",5,"2026-04-25T13:11:27.805Z"
"cmoecyptp00vcf1jcx8cft4ps","cmoecyptj00upf1jc7df8v3mc","cmoecyowx001hf1jcitibv2kc",5,"2026-04-25T13:11:27.805Z"
"cmoecyptp00vdf1jcllc4hasg","cmoecyptj00upf1jc7df8v3mc","cmoecyox2001jf1jcxlmrbsix",5,"2026-04-25T13:11:27.805Z"
"cmoecyptp00vef1jc4yhk3s46","cmoecyptj00upf1jc7df8v3mc","cmoecyox8001lf1jclaojl3u4",4,"2026-04-25T13:11:27.805Z"
"cmoecyptp00vff1jc4xoj8so3","cmoecyptj00upf1jc7df8v3mc","cmoecyoxf001nf1jcpcn43q2h",5,"2026-04-25T13:11:27.805Z"
"cmoecyptp00vgf1jczfbfup0h","cmoecyptj00upf1jc7df8v3mc","cmoecyoxm001pf1jck372pscl",5,"2026-04-25T13:11:27.805Z"
"cmoecypu900vlf1jcvn6a6ltu","cmoecypu200vkf1jclin7e12a","cmoecyosy0009f1jcnyjiqtrv",4,"2026-04-25T13:11:27.825Z"
"cmoecypu900vmf1jc85e2vu8s","cmoecypu200vkf1jclin7e12a","cmoecyot5000bf1jcz72lbhd2",4,"2026-04-25T13:11:27.825Z"
"cmoecypu900vnf1jcrncnbck6","cmoecypu200vkf1jclin7e12a","cmoecyotd000df1jc6lsgcq0q",4,"2026-04-25T13:11:27.825Z"
"cmoecypu900vof1jcl5b266pm","cmoecypu200vkf1jclin7e12a","cmoecyotj000ff1jcdbezkhdn",4,"2026-04-25T13:11:27.825Z"
"cmoecypu900vpf1jcykiecxm6","cmoecypu200vkf1jclin7e12a","cmoecyotr000hf1jcjt49goml",4,"2026-04-25T13:11:27.825Z"
"cmoecypu900vqf1jcue2kn5w2","cmoecypu200vkf1jclin7e12a","cmoecyotw000jf1jc5ttuthae",4,"2026-04-25T13:11:27.825Z"
"cmoecypu900vrf1jc9natjaas","cmoecypu200vkf1jclin7e12a","cmoecyou2000lf1jc4qzd468r",4,"2026-04-25T13:11:27.825Z"
"cmoecypu900vsf1jc717lajri","cmoecypu200vkf1jclin7e12a","cmoecyou9000nf1jco1pxt52l",3,"2026-04-25T13:11:27.825Z"
"cmoecypu900vtf1jclfzyibu3","cmoecypu200vkf1jclin7e12a","cmoecyouf000pf1jcz7jx8q8t",4,"2026-04-25T13:11:27.825Z"
"cmoecypu900vuf1jcbb2o06ch","cmoecypu200vkf1jclin7e12a","cmoecyoun000rf1jc1bma24m3",4,"2026-04-25T13:11:27.825Z"
"cmoecypu900vvf1jcimzfq3v5","cmoecypu200vkf1jclin7e12a","cmoecyout000tf1jcxacpjlb8",3,"2026-04-25T13:11:27.825Z"
"cmoecypu900vwf1jc1c2k8h34","cmoecypu200vkf1jclin7e12a","cmoecyov0000vf1jcebemgszg",4,"2026-04-25T13:11:27.825Z"
"cmoecypu900vxf1jci6a447p5","cmoecypu200vkf1jclin7e12a","cmoecyov8000xf1jcczqq5tig",3,"2026-04-25T13:11:27.825Z"
"cmoecypu900vyf1jchywp7e6e","cmoecypu200vkf1jclin7e12a","cmoecyovf000zf1jc6al9h4xw",4,"2026-04-25T13:11:27.825Z"
"cmoecypu900vzf1jc7zjv0qiv","cmoecypu200vkf1jclin7e12a","cmoecyovl0011f1jc20al0cur",4,"2026-04-25T13:11:27.825Z"
"cmoecypu900w0f1jcn2upomqx","cmoecypu200vkf1jclin7e12a","cmoecyovq0013f1jcwh932esj",3,"2026-04-25T13:11:27.825Z"
"cmoecypu900w1f1jcmrdb6foz","cmoecypu200vkf1jclin7e12a","cmoecyovv0015f1jcwn1ix1ku",3,"2026-04-25T13:11:27.825Z"
"cmoecypu900w2f1jcryolh3k6","cmoecypu200vkf1jclin7e12a","cmoecyow10017f1jckvt6jy48",3,"2026-04-25T13:11:27.825Z"
"cmoecypu900w3f1jcebwrfgv7","cmoecypu200vkf1jclin7e12a","cmoecyow70019f1jcghkdnibp",4,"2026-04-25T13:11:27.825Z"
"cmoecypu900w4f1jcz6k2jwsc","cmoecypu200vkf1jclin7e12a","cmoecyowe001bf1jc147lay2z",3,"2026-04-25T13:11:27.825Z"
"cmoecypu900w5f1jcp8jkqwxv","cmoecypu200vkf1jclin7e12a","cmoecyowk001df1jcitlpfot4",4,"2026-04-25T13:11:27.825Z"
"cmoecypu900w6f1jc35a3la70","cmoecypu200vkf1jclin7e12a","cmoecyowr001ff1jcvai6ub9l",4,"2026-04-25T13:11:27.825Z"
"cmoecypu900w7f1jcui175qz5","cmoecypu200vkf1jclin7e12a","cmoecyowx001hf1jcitibv2kc",4,"2026-04-25T13:11:27.825Z"
"cmoecypu900w8f1jcv4v5eznh","cmoecypu200vkf1jclin7e12a","cmoecyox2001jf1jcxlmrbsix",4,"2026-04-25T13:11:27.825Z"
"cmoecypu900w9f1jc12w5qcbo","cmoecypu200vkf1jclin7e12a","cmoecyox8001lf1jclaojl3u4",3,"2026-04-25T13:11:27.825Z"
"cmoecypu900waf1jc9eoxwx6f","cmoecypu200vkf1jclin7e12a","cmoecyoxf001nf1jcpcn43q2h",3,"2026-04-25T13:11:27.825Z"
"cmoecypu900wbf1jc4lx0wzw7","cmoecypu200vkf1jclin7e12a","cmoecyoxm001pf1jck372pscl",3,"2026-04-25T13:11:27.825Z"
"cmoecyput00wgf1jcolwee9lf","cmoecypun00wff1jcly4pcze9","cmoecyosy0009f1jcnyjiqtrv",4,"2026-04-25T13:11:27.845Z"
"cmoecyput00whf1jcigofqe40","cmoecypun00wff1jcly4pcze9","cmoecyot5000bf1jcz72lbhd2",4,"2026-04-25T13:11:27.845Z"
"cmoecyput00wif1jcebnybfft","cmoecypun00wff1jcly4pcze9","cmoecyotd000df1jc6lsgcq0q",4,"2026-04-25T13:11:27.845Z"
"cmoecypuu00wjf1jc03hq8gpz","cmoecypun00wff1jcly4pcze9","cmoecyotj000ff1jcdbezkhdn",4,"2026-04-25T13:11:27.845Z"
"cmoecypuu00wkf1jclns9bvl5","cmoecypun00wff1jcly4pcze9","cmoecyotr000hf1jcjt49goml",3,"2026-04-25T13:11:27.845Z"
"cmoecypuu00wlf1jcbl4xolys","cmoecypun00wff1jcly4pcze9","cmoecyotw000jf1jc5ttuthae",5,"2026-04-25T13:11:27.845Z"
"cmoecypuu00wmf1jcnm6mrwhc","cmoecypun00wff1jcly4pcze9","cmoecyou2000lf1jc4qzd468r",5,"2026-04-25T13:11:27.845Z"
"cmoecypuu00wnf1jc8hpot8z2","cmoecypun00wff1jcly4pcze9","cmoecyou9000nf1jco1pxt52l",4,"2026-04-25T13:11:27.845Z"
"cmoecypuu00wof1jcgng10ees","cmoecypun00wff1jcly4pcze9","cmoecyouf000pf1jcz7jx8q8t",4,"2026-04-25T13:11:27.845Z"
"cmoecypuu00wpf1jcvf1j67ic","cmoecypun00wff1jcly4pcze9","cmoecyoun000rf1jc1bma24m3",5,"2026-04-25T13:11:27.845Z"
"cmoecypuu00wqf1jc8rcr8565","cmoecypun00wff1jcly4pcze9","cmoecyout000tf1jcxacpjlb8",3,"2026-04-25T13:11:27.845Z"
"cmoecypuu00wrf1jcslxl1r4v","cmoecypun00wff1jcly4pcze9","cmoecyov0000vf1jcebemgszg",4,"2026-04-25T13:11:27.845Z"
"cmoecypuu00wsf1jchs8jtou0","cmoecypun00wff1jcly4pcze9","cmoecyov8000xf1jcczqq5tig",4,"2026-04-25T13:11:27.845Z"
"cmoecypuu00wtf1jcdr4oudvo","cmoecypun00wff1jcly4pcze9","cmoecyovf000zf1jc6al9h4xw",4,"2026-04-25T13:11:27.845Z"
"cmoecypuu00wuf1jc044hnv6i","cmoecypun00wff1jcly4pcze9","cmoecyovl0011f1jc20al0cur",4,"2026-04-25T13:11:27.845Z"
"cmoecypuu00wvf1jcwi7epu5y","cmoecypun00wff1jcly4pcze9","cmoecyovq0013f1jcwh932esj",5,"2026-04-25T13:11:27.845Z"
"cmoecypuu00wwf1jctxfcrw4g","cmoecypun00wff1jcly4pcze9","cmoecyovv0015f1jcwn1ix1ku",4,"2026-04-25T13:11:27.845Z"
"cmoecypuu00wxf1jcnzmgozg1","cmoecypun00wff1jcly4pcze9","cmoecyow10017f1jckvt6jy48",4,"2026-04-25T13:11:27.845Z"
"cmoecypuu00wyf1jcf8sa6uo6","cmoecypun00wff1jcly4pcze9","cmoecyow70019f1jcghkdnibp",4,"2026-04-25T13:11:27.845Z"
"cmoecypuu00wzf1jcseipi8wy","cmoecypun00wff1jcly4pcze9","cmoecyowe001bf1jc147lay2z",4,"2026-04-25T13:11:27.845Z"
"cmoecypuu00x0f1jcpusz7w35","cmoecypun00wff1jcly4pcze9","cmoecyowk001df1jcitlpfot4",5,"2026-04-25T13:11:27.845Z"
"cmoecypuu00x1f1jcpwj1lyxu","cmoecypun00wff1jcly4pcze9","cmoecyowr001ff1jcvai6ub9l",4,"2026-04-25T13:11:27.845Z"
"cmoecypuu00x2f1jc82krxj12","cmoecypun00wff1jcly4pcze9","cmoecyowx001hf1jcitibv2kc",5,"2026-04-25T13:11:27.845Z"
"cmoecypuu00x3f1jcmj964p9u","cmoecypun00wff1jcly4pcze9","cmoecyox2001jf1jcxlmrbsix",4,"2026-04-25T13:11:27.845Z"
"cmoecypuu00x4f1jc1puae2dj","cmoecypun00wff1jcly4pcze9","cmoecyox8001lf1jclaojl3u4",5,"2026-04-25T13:11:27.845Z"
"cmoecypuu00x5f1jcmquc1hr8","cmoecypun00wff1jcly4pcze9","cmoecyoxf001nf1jcpcn43q2h",4,"2026-04-25T13:11:27.845Z"
"cmoecypuu00x6f1jcvbbf4a7t","cmoecypun00wff1jcly4pcze9","cmoecyoxm001pf1jck372pscl",4,"2026-04-25T13:11:27.845Z"
"cmoecypve00xbf1jcaofh61ee","cmoecypv800xaf1jcfveng794","cmoecyosy0009f1jcnyjiqtrv",4,"2026-04-25T13:11:27.867Z"
"cmoecypve00xcf1jccvaty54v","cmoecypv800xaf1jcfveng794","cmoecyot5000bf1jcz72lbhd2",5,"2026-04-25T13:11:27.867Z"
"cmoecypve00xdf1jcbqexuc6r","cmoecypv800xaf1jcfveng794","cmoecyotd000df1jc6lsgcq0q",4,"2026-04-25T13:11:27.867Z"
"cmoecypve00xef1jcdfrfdpw7","cmoecypv800xaf1jcfveng794","cmoecyotj000ff1jcdbezkhdn",4,"2026-04-25T13:11:27.867Z"
"cmoecypve00xff1jcjx9qrxe5","cmoecypv800xaf1jcfveng794","cmoecyotr000hf1jcjt49goml",3,"2026-04-25T13:11:27.867Z"
"cmoecypve00xgf1jcrfnpyi2s","cmoecypv800xaf1jcfveng794","cmoecyotw000jf1jc5ttuthae",3,"2026-04-25T13:11:27.867Z"
"cmoecypve00xhf1jc92z2cj5b","cmoecypv800xaf1jcfveng794","cmoecyou2000lf1jc4qzd468r",4,"2026-04-25T13:11:27.867Z"
"cmoecypve00xif1jc3er3kj2z","cmoecypv800xaf1jcfveng794","cmoecyou9000nf1jco1pxt52l",5,"2026-04-25T13:11:27.867Z"
"cmoecypve00xjf1jc07k78fmq","cmoecypv800xaf1jcfveng794","cmoecyouf000pf1jcz7jx8q8t",4,"2026-04-25T13:11:27.867Z"
"cmoecypve00xkf1jc78nayaz4","cmoecypv800xaf1jcfveng794","cmoecyoun000rf1jc1bma24m3",5,"2026-04-25T13:11:27.867Z"
"cmoecypve00xlf1jcdee92fnh","cmoecypv800xaf1jcfveng794","cmoecyout000tf1jcxacpjlb8",4,"2026-04-25T13:11:27.867Z"
"cmoecypve00xmf1jc04a90d8v","cmoecypv800xaf1jcfveng794","cmoecyov0000vf1jcebemgszg",5,"2026-04-25T13:11:27.867Z"
"cmoecypve00xnf1jcyv4df15t","cmoecypv800xaf1jcfveng794","cmoecyov8000xf1jcczqq5tig",3,"2026-04-25T13:11:27.867Z"
"cmoecypve00xof1jck7415pxm","cmoecypv800xaf1jcfveng794","cmoecyovf000zf1jc6al9h4xw",5,"2026-04-25T13:11:27.867Z"
"cmoecypve00xpf1jcd7oe7v7c","cmoecypv800xaf1jcfveng794","cmoecyovl0011f1jc20al0cur",5,"2026-04-25T13:11:27.867Z"
"cmoecypve00xqf1jc5dnh7pb4","cmoecypv800xaf1jcfveng794","cmoecyovq0013f1jcwh932esj",4,"2026-04-25T13:11:27.867Z"
"cmoecypve00xrf1jcd6sirdm5","cmoecypv800xaf1jcfveng794","cmoecyovv0015f1jcwn1ix1ku",5,"2026-04-25T13:11:27.867Z"
"cmoecypve00xsf1jcqwi3b4th","cmoecypv800xaf1jcfveng794","cmoecyow10017f1jckvt6jy48",5,"2026-04-25T13:11:27.867Z"
"cmoecypve00xtf1jclscn4n0y","cmoecypv800xaf1jcfveng794","cmoecyow70019f1jcghkdnibp",3,"2026-04-25T13:11:27.867Z"
"cmoecypve00xuf1jcd050xtbm","cmoecypv800xaf1jcfveng794","cmoecyowe001bf1jc147lay2z",4,"2026-04-25T13:11:27.867Z"
"cmoecypve00xvf1jcy7s884ao","cmoecypv800xaf1jcfveng794","cmoecyowk001df1jcitlpfot4",4,"2026-04-25T13:11:27.867Z"
"cmoecypvf00xwf1jcnwo91cvy","cmoecypv800xaf1jcfveng794","cmoecyowr001ff1jcvai6ub9l",3,"2026-04-25T13:11:27.867Z"
"cmoecypvf00xxf1jccg0w0380","cmoecypv800xaf1jcfveng794","cmoecyowx001hf1jcitibv2kc",4,"2026-04-25T13:11:27.867Z"
"cmoecypvf00xyf1jc1wmf1w6r","cmoecypv800xaf1jcfveng794","cmoecyox2001jf1jcxlmrbsix",5,"2026-04-25T13:11:27.867Z"
"cmoecypvf00xzf1jctno5i52d","cmoecypv800xaf1jcfveng794","cmoecyox8001lf1jclaojl3u4",4,"2026-04-25T13:11:27.867Z"
"cmoecypvf00y0f1jccxs1i1vb","cmoecypv800xaf1jcfveng794","cmoecyoxf001nf1jcpcn43q2h",4,"2026-04-25T13:11:27.867Z"
"cmoecypvf00y1f1jcqnnq1ss1","cmoecypv800xaf1jcfveng794","cmoecyoxm001pf1jck372pscl",3,"2026-04-25T13:11:27.867Z"
"cmoecypxa00y6f1jc9tz0em48","cmoecypx300y5f1jc8y5juqhj","cmoecyosy0009f1jcnyjiqtrv",3,"2026-04-25T13:11:27.934Z"
"cmoecypxa00y7f1jceq3ffrh9","cmoecypx300y5f1jc8y5juqhj","cmoecyot5000bf1jcz72lbhd2",4,"2026-04-25T13:11:27.934Z"
"cmoecypxa00y8f1jc5m5se49j","cmoecypx300y5f1jc8y5juqhj","cmoecyotd000df1jc6lsgcq0q",3,"2026-04-25T13:11:27.934Z"
"cmoecypxa00y9f1jce6cni2uo","cmoecypx300y5f1jc8y5juqhj","cmoecyotj000ff1jcdbezkhdn",4,"2026-04-25T13:11:27.934Z"
"cmoecypxa00yaf1jcalil97j6","cmoecypx300y5f1jc8y5juqhj","cmoecyotr000hf1jcjt49goml",4,"2026-04-25T13:11:27.934Z"
"cmoecypxa00ybf1jco0corrqm","cmoecypx300y5f1jc8y5juqhj","cmoecyotw000jf1jc5ttuthae",4,"2026-04-25T13:11:27.934Z"
"cmoecypxa00ycf1jc89xfvfnd","cmoecypx300y5f1jc8y5juqhj","cmoecyou2000lf1jc4qzd468r",3,"2026-04-25T13:11:27.934Z"
"cmoecypxa00ydf1jcci2xs8jw","cmoecypx300y5f1jc8y5juqhj","cmoecyou9000nf1jco1pxt52l",4,"2026-04-25T13:11:27.934Z"
"cmoecypxa00yef1jcbvvjid64","cmoecypx300y5f1jc8y5juqhj","cmoecyouf000pf1jcz7jx8q8t",3,"2026-04-25T13:11:27.934Z"
"cmoecypxa00yff1jc76i0agpz","cmoecypx300y5f1jc8y5juqhj","cmoecyoun000rf1jc1bma24m3",4,"2026-04-25T13:11:27.934Z"
"cmoecypxa00ygf1jck08sbkdd","cmoecypx300y5f1jc8y5juqhj","cmoecyout000tf1jcxacpjlb8",4,"2026-04-25T13:11:27.934Z"
"cmoecypxa00yhf1jcnjgyjmzd","cmoecypx300y5f1jc8y5juqhj","cmoecyov0000vf1jcebemgszg",4,"2026-04-25T13:11:27.934Z"
"cmoecypxa00yif1jcvg4d45c6","cmoecypx300y5f1jc8y5juqhj","cmoecyov8000xf1jcczqq5tig",3,"2026-04-25T13:11:27.934Z"
"cmoecypxa00yjf1jcm7wmo6cq","cmoecypx300y5f1jc8y5juqhj","cmoecyovf000zf1jc6al9h4xw",4,"2026-04-25T13:11:27.934Z"
"cmoecypxa00ykf1jcir5nt0a7","cmoecypx300y5f1jc8y5juqhj","cmoecyovl0011f1jc20al0cur",4,"2026-04-25T13:11:27.934Z"
"cmoecypxa00ylf1jcl5jgtepz","cmoecypx300y5f1jc8y5juqhj","cmoecyovq0013f1jcwh932esj",4,"2026-04-25T13:11:27.934Z"
"cmoecypxa00ymf1jc23qwt1u9","cmoecypx300y5f1jc8y5juqhj","cmoecyovv0015f1jcwn1ix1ku",3,"2026-04-25T13:11:27.934Z"
"cmoecypxa00ynf1jc9wz7f7uk","cmoecypx300y5f1jc8y5juqhj","cmoecyow10017f1jckvt6jy48",3,"2026-04-25T13:11:27.934Z"
"cmoecypxa00yof1jcv116eo5o","cmoecypx300y5f1jc8y5juqhj","cmoecyow70019f1jcghkdnibp",4,"2026-04-25T13:11:27.934Z"
"cmoecypxa00ypf1jckz4hyzje","cmoecypx300y5f1jc8y5juqhj","cmoecyowe001bf1jc147lay2z",4,"2026-04-25T13:11:27.934Z"
"cmoecypxa00yqf1jct7imbejx","cmoecypx300y5f1jc8y5juqhj","cmoecyowk001df1jcitlpfot4",4,"2026-04-25T13:11:27.934Z"
"cmoecypxa00yrf1jc01jf6l92","cmoecypx300y5f1jc8y5juqhj","cmoecyowr001ff1jcvai6ub9l",4,"2026-04-25T13:11:27.934Z"
"cmoecypxa00ysf1jcg35tciy4","cmoecypx300y5f1jc8y5juqhj","cmoecyowx001hf1jcitibv2kc",3,"2026-04-25T13:11:27.934Z"
"cmoecypxa00ytf1jce1elq777","cmoecypx300y5f1jc8y5juqhj","cmoecyox2001jf1jcxlmrbsix",4,"2026-04-25T13:11:27.934Z"
"cmoecypxa00yuf1jcp3k7pr5c","cmoecypx300y5f1jc8y5juqhj","cmoecyox8001lf1jclaojl3u4",3,"2026-04-25T13:11:27.934Z"
"cmoecypxa00yvf1jcdgas2rn1","cmoecypx300y5f1jc8y5juqhj","cmoecyoxf001nf1jcpcn43q2h",3,"2026-04-25T13:11:27.934Z"
"cmoecypxa00ywf1jc5he3bmnn","cmoecypx300y5f1jc8y5juqhj","cmoecyoxm001pf1jck372pscl",4,"2026-04-25T13:11:27.934Z"
"cmoecypy100z1f1jcprvm9lzv","cmoecypxw00z0f1jcnb36yqtz","cmoecyosy0009f1jcnyjiqtrv",3,"2026-04-25T13:11:27.962Z"
"cmoecypy200z2f1jci8mm813t","cmoecypxw00z0f1jcnb36yqtz","cmoecyot5000bf1jcz72lbhd2",4,"2026-04-25T13:11:27.962Z"
"cmoecypy200z3f1jcwg3prxqj","cmoecypxw00z0f1jcnb36yqtz","cmoecyotd000df1jc6lsgcq0q",3,"2026-04-25T13:11:27.962Z"
"cmoecypy200z4f1jc5jkbbtpz","cmoecypxw00z0f1jcnb36yqtz","cmoecyotj000ff1jcdbezkhdn",4,"2026-04-25T13:11:27.962Z"
"cmoecypy200z5f1jc4wmralfp","cmoecypxw00z0f1jcnb36yqtz","cmoecyotr000hf1jcjt49goml",3,"2026-04-25T13:11:27.962Z"
"cmoecypy200z6f1jcpu2kto7w","cmoecypxw00z0f1jcnb36yqtz","cmoecyotw000jf1jc5ttuthae",3,"2026-04-25T13:11:27.962Z"
"cmoecypy200z7f1jc57qmzoke","cmoecypxw00z0f1jcnb36yqtz","cmoecyou2000lf1jc4qzd468r",3,"2026-04-25T13:11:27.962Z"
"cmoecypy200z8f1jc52sxp1h2","cmoecypxw00z0f1jcnb36yqtz","cmoecyou9000nf1jco1pxt52l",3,"2026-04-25T13:11:27.962Z"
"cmoecypy200z9f1jcj9vvd372","cmoecypxw00z0f1jcnb36yqtz","cmoecyouf000pf1jcz7jx8q8t",4,"2026-04-25T13:11:27.962Z"
"cmoecypy200zaf1jcfxan79fc","cmoecypxw00z0f1jcnb36yqtz","cmoecyoun000rf1jc1bma24m3",4,"2026-04-25T13:11:27.962Z"
"cmoecypy200zbf1jc32kwsxgy","cmoecypxw00z0f1jcnb36yqtz","cmoecyout000tf1jcxacpjlb8",4,"2026-04-25T13:11:27.962Z"
"cmoecypy200zcf1jc4dnu49ou","cmoecypxw00z0f1jcnb36yqtz","cmoecyov0000vf1jcebemgszg",4,"2026-04-25T13:11:27.962Z"
"cmoecypy200zdf1jc5wrn999w","cmoecypxw00z0f1jcnb36yqtz","cmoecyov8000xf1jcczqq5tig",3,"2026-04-25T13:11:27.962Z"
"cmoecypy200zef1jcdt71aunv","cmoecypxw00z0f1jcnb36yqtz","cmoecyovf000zf1jc6al9h4xw",4,"2026-04-25T13:11:27.962Z"
"cmoecypy200zff1jcnh5z0yqo","cmoecypxw00z0f1jcnb36yqtz","cmoecyovl0011f1jc20al0cur",4,"2026-04-25T13:11:27.962Z"
"cmoecypy200zgf1jc8vcwjasj","cmoecypxw00z0f1jcnb36yqtz","cmoecyovq0013f1jcwh932esj",3,"2026-04-25T13:11:27.962Z"
"cmoecypy200zhf1jcg1zjcdjh","cmoecypxw00z0f1jcnb36yqtz","cmoecyovv0015f1jcwn1ix1ku",4,"2026-04-25T13:11:27.962Z"
"cmoecypy200zif1jcy3v49uf5","cmoecypxw00z0f1jcnb36yqtz","cmoecyow10017f1jckvt6jy48",4,"2026-04-25T13:11:27.962Z"
"cmoecypy200zjf1jc86by64lh","cmoecypxw00z0f1jcnb36yqtz","cmoecyow70019f1jcghkdnibp",3,"2026-04-25T13:11:27.962Z"
"cmoecypy200zkf1jcs2qes4uy","cmoecypxw00z0f1jcnb36yqtz","cmoecyowe001bf1jc147lay2z",4,"2026-04-25T13:11:27.962Z"
"cmoecypy200zlf1jccbu1y4sx","cmoecypxw00z0f1jcnb36yqtz","cmoecyowk001df1jcitlpfot4",4,"2026-04-25T13:11:27.962Z"
"cmoecypy200zmf1jc1bey09k3","cmoecypxw00z0f1jcnb36yqtz","cmoecyowr001ff1jcvai6ub9l",3,"2026-04-25T13:11:27.962Z"
"cmoecypy200znf1jcx2d6u30x","cmoecypxw00z0f1jcnb36yqtz","cmoecyowx001hf1jcitibv2kc",3,"2026-04-25T13:11:27.962Z"
"cmoecypy200zof1jc22u88d0i","cmoecypxw00z0f1jcnb36yqtz","cmoecyox2001jf1jcxlmrbsix",3,"2026-04-25T13:11:27.962Z"
"cmoecypy200zpf1jcmwj6ojxb","cmoecypxw00z0f1jcnb36yqtz","cmoecyox8001lf1jclaojl3u4",3,"2026-04-25T13:11:27.962Z"
"cmoecypy200zqf1jcudkfnvxi","cmoecypxw00z0f1jcnb36yqtz","cmoecyoxf001nf1jcpcn43q2h",3,"2026-04-25T13:11:27.962Z"
"cmoecypy200zrf1jc42dzqt68","cmoecypxw00z0f1jcnb36yqtz","cmoecyoxm001pf1jck372pscl",3,"2026-04-25T13:11:27.962Z"
"cmoecypyq00zwf1jc5gh2b852","cmoecypyg00zvf1jcmrnx3p1d","cmoecyosy0009f1jcnyjiqtrv",4,"2026-04-25T13:11:27.986Z"
"cmoecypyq00zxf1jc0kppxa84","cmoecypyg00zvf1jcmrnx3p1d","cmoecyot5000bf1jcz72lbhd2",4,"2026-04-25T13:11:27.986Z"
"cmoecypyq00zyf1jcl04v071r","cmoecypyg00zvf1jcmrnx3p1d","cmoecyotd000df1jc6lsgcq0q",5,"2026-04-25T13:11:27.986Z"
"cmoecypyq00zzf1jc7gv4c0c2","cmoecypyg00zvf1jcmrnx3p1d","cmoecyotj000ff1jcdbezkhdn",4,"2026-04-25T13:11:27.986Z"
"cmoecypyq0100f1jcl9qgg25a","cmoecypyg00zvf1jcmrnx3p1d","cmoecyotr000hf1jcjt49goml",4,"2026-04-25T13:11:27.986Z"
"cmoecypyq0101f1jclzklznca","cmoecypyg00zvf1jcmrnx3p1d","cmoecyotw000jf1jc5ttuthae",4,"2026-04-25T13:11:27.986Z"
"cmoecypyq0102f1jc8at6as3t","cmoecypyg00zvf1jcmrnx3p1d","cmoecyou2000lf1jc4qzd468r",4,"2026-04-25T13:11:27.986Z"
"cmoecypyq0103f1jcv3vouukx","cmoecypyg00zvf1jcmrnx3p1d","cmoecyou9000nf1jco1pxt52l",4,"2026-04-25T13:11:27.986Z"
"cmoecypyq0104f1jctqyg7c1z","cmoecypyg00zvf1jcmrnx3p1d","cmoecyouf000pf1jcz7jx8q8t",3,"2026-04-25T13:11:27.986Z"
"cmoecypyq0105f1jcd7wzipo3","cmoecypyg00zvf1jcmrnx3p1d","cmoecyoun000rf1jc1bma24m3",4,"2026-04-25T13:11:27.986Z"
"cmoecypyq0106f1jcxq59vhn9","cmoecypyg00zvf1jcmrnx3p1d","cmoecyout000tf1jcxacpjlb8",5,"2026-04-25T13:11:27.986Z"
"cmoecypyq0107f1jcst34v964","cmoecypyg00zvf1jcmrnx3p1d","cmoecyov0000vf1jcebemgszg",3,"2026-04-25T13:11:27.986Z"
"cmoecypyq0108f1jcrxivey0h","cmoecypyg00zvf1jcmrnx3p1d","cmoecyov8000xf1jcczqq5tig",4,"2026-04-25T13:11:27.986Z"
"cmoecypyq0109f1jcvdq735c2","cmoecypyg00zvf1jcmrnx3p1d","cmoecyovf000zf1jc6al9h4xw",4,"2026-04-25T13:11:27.986Z"
"cmoecypyq010af1jc1f1ao646","cmoecypyg00zvf1jcmrnx3p1d","cmoecyovl0011f1jc20al0cur",5,"2026-04-25T13:11:27.986Z"
"cmoecypyq010bf1jcmwv655l1","cmoecypyg00zvf1jcmrnx3p1d","cmoecyovq0013f1jcwh932esj",4,"2026-04-25T13:11:27.986Z"
"cmoecypyq010cf1jcjo1qxqtz","cmoecypyg00zvf1jcmrnx3p1d","cmoecyovv0015f1jcwn1ix1ku",4,"2026-04-25T13:11:27.986Z"
"cmoecypyq010df1jcemn010u1","cmoecypyg00zvf1jcmrnx3p1d","cmoecyow10017f1jckvt6jy48",4,"2026-04-25T13:11:27.986Z"
"cmoecypyq010ef1jconzf8ifg","cmoecypyg00zvf1jcmrnx3p1d","cmoecyow70019f1jcghkdnibp",4,"2026-04-25T13:11:27.986Z"
"cmoecypyq010ff1jc5hx28gex","cmoecypyg00zvf1jcmrnx3p1d","cmoecyowe001bf1jc147lay2z",4,"2026-04-25T13:11:27.986Z"
"cmoecypyq010gf1jc7c5z10cg","cmoecypyg00zvf1jcmrnx3p1d","cmoecyowk001df1jcitlpfot4",3,"2026-04-25T13:11:27.986Z"
"cmoecypyq010hf1jcn6236zbu","cmoecypyg00zvf1jcmrnx3p1d","cmoecyowr001ff1jcvai6ub9l",3,"2026-04-25T13:11:27.986Z"
"cmoecypyq010if1jce4qktbvv","cmoecypyg00zvf1jcmrnx3p1d","cmoecyowx001hf1jcitibv2kc",4,"2026-04-25T13:11:27.986Z"
"cmoecypyq010jf1jc3lyvje6g","cmoecypyg00zvf1jcmrnx3p1d","cmoecyox2001jf1jcxlmrbsix",4,"2026-04-25T13:11:27.986Z"
"cmoecypyq010kf1jcvhokclvd","cmoecypyg00zvf1jcmrnx3p1d","cmoecyox8001lf1jclaojl3u4",4,"2026-04-25T13:11:27.986Z"
"cmoecypyq010lf1jcc9bo716n","cmoecypyg00zvf1jcmrnx3p1d","cmoecyoxf001nf1jcpcn43q2h",3,"2026-04-25T13:11:27.986Z"
"cmoecypyq010mf1jcge19stup","cmoecypyg00zvf1jcmrnx3p1d","cmoecyoxm001pf1jck372pscl",4,"2026-04-25T13:11:27.986Z"
"cmoecypz7010rf1jc1t0567mu","cmoecypz2010qf1jcm83o5fgi","cmoecyosy0009f1jcnyjiqtrv",4,"2026-04-25T13:11:28.004Z"
"cmoecypz7010sf1jcxas4iqog","cmoecypz2010qf1jcm83o5fgi","cmoecyot5000bf1jcz72lbhd2",4,"2026-04-25T13:11:28.004Z"
"cmoecypz7010tf1jcqouqq9sl","cmoecypz2010qf1jcm83o5fgi","cmoecyotd000df1jc6lsgcq0q",4,"2026-04-25T13:11:28.004Z"
"cmoecypz7010uf1jc305t5y4e","cmoecypz2010qf1jcm83o5fgi","cmoecyotj000ff1jcdbezkhdn",4,"2026-04-25T13:11:28.004Z"
"cmoecypz7010vf1jc7cjefd14","cmoecypz2010qf1jcm83o5fgi","cmoecyotr000hf1jcjt49goml",4,"2026-04-25T13:11:28.004Z"
"cmoecypz7010wf1jcwhw9x8bg","cmoecypz2010qf1jcm83o5fgi","cmoecyotw000jf1jc5ttuthae",4,"2026-04-25T13:11:28.004Z"
"cmoecypz7010xf1jcjzxv6jts","cmoecypz2010qf1jcm83o5fgi","cmoecyou2000lf1jc4qzd468r",4,"2026-04-25T13:11:28.004Z"
"cmoecypz7010yf1jciurkwxqu","cmoecypz2010qf1jcm83o5fgi","cmoecyou9000nf1jco1pxt52l",4,"2026-04-25T13:11:28.004Z"
"cmoecypz7010zf1jcly1qho36","cmoecypz2010qf1jcm83o5fgi","cmoecyouf000pf1jcz7jx8q8t",3,"2026-04-25T13:11:28.004Z"
"cmoecypz70110f1jcyopd3ivf","cmoecypz2010qf1jcm83o5fgi","cmoecyoun000rf1jc1bma24m3",3,"2026-04-25T13:11:28.004Z"
"cmoecypz70111f1jcuqr6cuhb","cmoecypz2010qf1jcm83o5fgi","cmoecyout000tf1jcxacpjlb8",3,"2026-04-25T13:11:28.004Z"
"cmoecypz70112f1jcziv7j05a","cmoecypz2010qf1jcm83o5fgi","cmoecyov0000vf1jcebemgszg",4,"2026-04-25T13:11:28.004Z"
"cmoecypz70113f1jctdfvzwoa","cmoecypz2010qf1jcm83o5fgi","cmoecyov8000xf1jcczqq5tig",4,"2026-04-25T13:11:28.004Z"
"cmoecypz70114f1jcu1omw1cq","cmoecypz2010qf1jcm83o5fgi","cmoecyovf000zf1jc6al9h4xw",5,"2026-04-25T13:11:28.004Z"
"cmoecypz70115f1jcupwzpsry","cmoecypz2010qf1jcm83o5fgi","cmoecyovl0011f1jc20al0cur",4,"2026-04-25T13:11:28.004Z"
"cmoecypz70116f1jc3y3535tk","cmoecypz2010qf1jcm83o5fgi","cmoecyovq0013f1jcwh932esj",4,"2026-04-25T13:11:28.004Z"
"cmoecypz70117f1jctqmzwikk","cmoecypz2010qf1jcm83o5fgi","cmoecyovv0015f1jcwn1ix1ku",3,"2026-04-25T13:11:28.004Z"
"cmoecypz70118f1jcyguvl14w","cmoecypz2010qf1jcm83o5fgi","cmoecyow10017f1jckvt6jy48",4,"2026-04-25T13:11:28.004Z"
"cmoecypz70119f1jc7tvtrl30","cmoecypz2010qf1jcm83o5fgi","cmoecyow70019f1jcghkdnibp",4,"2026-04-25T13:11:28.004Z"
"cmoecypz7011af1jcngjxf5ek","cmoecypz2010qf1jcm83o5fgi","cmoecyowe001bf1jc147lay2z",4,"2026-04-25T13:11:28.004Z"
"cmoecypz7011bf1jc8amd6peu","cmoecypz2010qf1jcm83o5fgi","cmoecyowk001df1jcitlpfot4",3,"2026-04-25T13:11:28.004Z"
"cmoecypz7011cf1jc83vtn4zr","cmoecypz2010qf1jcm83o5fgi","cmoecyowr001ff1jcvai6ub9l",4,"2026-04-25T13:11:28.004Z"
"cmoecypz7011df1jcq0ek0ci9","cmoecypz2010qf1jcm83o5fgi","cmoecyowx001hf1jcitibv2kc",3,"2026-04-25T13:11:28.004Z"
"cmoecypz7011ef1jcqoa05gx5","cmoecypz2010qf1jcm83o5fgi","cmoecyox2001jf1jcxlmrbsix",4,"2026-04-25T13:11:28.004Z"
"cmoecypz7011ff1jc0eujeqo7","cmoecypz2010qf1jcm83o5fgi","cmoecyox8001lf1jclaojl3u4",3,"2026-04-25T13:11:28.004Z"
"cmoecypz8011gf1jc43fi4tvz","cmoecypz2010qf1jcm83o5fgi","cmoecyoxf001nf1jcpcn43q2h",3,"2026-04-25T13:11:28.004Z"
"cmoecypz8011hf1jcgex5gzjt","cmoecypz2010qf1jcm83o5fgi","cmoecyoxm001pf1jck372pscl",4,"2026-04-25T13:11:28.004Z"
"cmoecypzt011mf1jcm75539zt","cmoecypzn011lf1jc2ig6kn8z","cmoecyosy0009f1jcnyjiqtrv",5,"2026-04-25T13:11:28.025Z"
"cmoecypzt011nf1jc9wtj1b7a","cmoecypzn011lf1jc2ig6kn8z","cmoecyot5000bf1jcz72lbhd2",4,"2026-04-25T13:11:28.025Z"
"cmoecypzt011of1jc1lb4ie5y","cmoecypzn011lf1jc2ig6kn8z","cmoecyotd000df1jc6lsgcq0q",5,"2026-04-25T13:11:28.025Z"
"cmoecypzt011pf1jc8qi2xbyh","cmoecypzn011lf1jc2ig6kn8z","cmoecyotj000ff1jcdbezkhdn",5,"2026-04-25T13:11:28.025Z"
"cmoecypzt011qf1jcy84bt0ji","cmoecypzn011lf1jc2ig6kn8z","cmoecyotr000hf1jcjt49goml",5,"2026-04-25T13:11:28.025Z"
"cmoecypzt011rf1jc7u1lwe7z","cmoecypzn011lf1jc2ig6kn8z","cmoecyotw000jf1jc5ttuthae",5,"2026-04-25T13:11:28.025Z"
"cmoecypzt011sf1jcv4y145ow","cmoecypzn011lf1jc2ig6kn8z","cmoecyou2000lf1jc4qzd468r",5,"2026-04-25T13:11:28.025Z"
"cmoecypzt011tf1jcge87ha23","cmoecypzn011lf1jc2ig6kn8z","cmoecyou9000nf1jco1pxt52l",5,"2026-04-25T13:11:28.025Z"
"cmoecypzu011uf1jcd6njauq1","cmoecypzn011lf1jc2ig6kn8z","cmoecyouf000pf1jcz7jx8q8t",5,"2026-04-25T13:11:28.025Z"
"cmoecypzu011vf1jcfrfnsxf9","cmoecypzn011lf1jc2ig6kn8z","cmoecyoun000rf1jc1bma24m3",5,"2026-04-25T13:11:28.025Z"
"cmoecypzu011wf1jcegfz64w0","cmoecypzn011lf1jc2ig6kn8z","cmoecyout000tf1jcxacpjlb8",5,"2026-04-25T13:11:28.025Z"
"cmoecypzu011xf1jca0n4qoid","cmoecypzn011lf1jc2ig6kn8z","cmoecyov0000vf1jcebemgszg",4,"2026-04-25T13:11:28.025Z"
"cmoecypzu011yf1jctyoy1f5j","cmoecypzn011lf1jc2ig6kn8z","cmoecyov8000xf1jcczqq5tig",4,"2026-04-25T13:11:28.025Z"
"cmoecypzu011zf1jcinpq19fh","cmoecypzn011lf1jc2ig6kn8z","cmoecyovf000zf1jc6al9h4xw",5,"2026-04-25T13:11:28.025Z"
"cmoecypzu0120f1jc8grhhkb0","cmoecypzn011lf1jc2ig6kn8z","cmoecyovl0011f1jc20al0cur",4,"2026-04-25T13:11:28.025Z"
"cmoecypzu0121f1jcaknktcdb","cmoecypzn011lf1jc2ig6kn8z","cmoecyovq0013f1jcwh932esj",5,"2026-04-25T13:11:28.025Z"
"cmoecypzu0122f1jc8t4b2pgb","cmoecypzn011lf1jc2ig6kn8z","cmoecyovv0015f1jcwn1ix1ku",5,"2026-04-25T13:11:28.025Z"
"cmoecypzu0123f1jc1g2ddwrm","cmoecypzn011lf1jc2ig6kn8z","cmoecyow10017f1jckvt6jy48",5,"2026-04-25T13:11:28.025Z"
"cmoecypzu0124f1jcw0pcbxa2","cmoecypzn011lf1jc2ig6kn8z","cmoecyow70019f1jcghkdnibp",5,"2026-04-25T13:11:28.025Z"
"cmoecypzu0125f1jcp1a22dh6","cmoecypzn011lf1jc2ig6kn8z","cmoecyowe001bf1jc147lay2z",5,"2026-04-25T13:11:28.025Z"
"cmoecypzu0126f1jcgmyb2zjo","cmoecypzn011lf1jc2ig6kn8z","cmoecyowk001df1jcitlpfot4",4,"2026-04-25T13:11:28.025Z"
"cmoecypzu0127f1jcikwe59be","cmoecypzn011lf1jc2ig6kn8z","cmoecyowr001ff1jcvai6ub9l",5,"2026-04-25T13:11:28.025Z"
"cmoecypzu0128f1jcppjq6sul","cmoecypzn011lf1jc2ig6kn8z","cmoecyowx001hf1jcitibv2kc",5,"2026-04-25T13:11:28.025Z"
"cmoecypzu0129f1jc0ln3rpq4","cmoecypzn011lf1jc2ig6kn8z","cmoecyox2001jf1jcxlmrbsix",4,"2026-04-25T13:11:28.025Z"
"cmoecypzu012af1jcmovn8ar5","cmoecypzn011lf1jc2ig6kn8z","cmoecyox8001lf1jclaojl3u4",5,"2026-04-25T13:11:28.025Z"
"cmoecypzu012bf1jcbryh6v7m","cmoecypzn011lf1jc2ig6kn8z","cmoecyoxf001nf1jcpcn43q2h",5,"2026-04-25T13:11:28.025Z"
"cmoecypzu012cf1jcykmkrko9","cmoecypzn011lf1jc2ig6kn8z","cmoecyoxm001pf1jck372pscl",5,"2026-04-25T13:11:28.025Z"
"cmoecyq0g012hf1jcaipzx9tq","cmoecyq0a012gf1jc1gcg34e2","cmoecyosy0009f1jcnyjiqtrv",5,"2026-04-25T13:11:28.049Z"
"cmoecyq0g012if1jc5htnq82r","cmoecyq0a012gf1jc1gcg34e2","cmoecyot5000bf1jcz72lbhd2",5,"2026-04-25T13:11:28.049Z"
"cmoecyq0g012jf1jc64elvvly","cmoecyq0a012gf1jc1gcg34e2","cmoecyotd000df1jc6lsgcq0q",4,"2026-04-25T13:11:28.049Z"
"cmoecyq0g012kf1jcqdza5wuz","cmoecyq0a012gf1jc1gcg34e2","cmoecyotj000ff1jcdbezkhdn",5,"2026-04-25T13:11:28.049Z"
"cmoecyq0g012lf1jcehdwgxjn","cmoecyq0a012gf1jc1gcg34e2","cmoecyotr000hf1jcjt49goml",4,"2026-04-25T13:11:28.049Z"
"cmoecyq0g012mf1jcag4ho0bc","cmoecyq0a012gf1jc1gcg34e2","cmoecyotw000jf1jc5ttuthae",5,"2026-04-25T13:11:28.049Z"
"cmoecyq0g012nf1jc22yi6r8i","cmoecyq0a012gf1jc1gcg34e2","cmoecyou2000lf1jc4qzd468r",5,"2026-04-25T13:11:28.049Z"
"cmoecyq0g012of1jcon4l4y9g","cmoecyq0a012gf1jc1gcg34e2","cmoecyou9000nf1jco1pxt52l",4,"2026-04-25T13:11:28.049Z"
"cmoecyq0g012pf1jcr0sha356","cmoecyq0a012gf1jc1gcg34e2","cmoecyouf000pf1jcz7jx8q8t",5,"2026-04-25T13:11:28.049Z"
"cmoecyq0h012qf1jcc6ymgz4m","cmoecyq0a012gf1jc1gcg34e2","cmoecyoun000rf1jc1bma24m3",5,"2026-04-25T13:11:28.049Z"
"cmoecyq0h012rf1jcd4hyjq3v","cmoecyq0a012gf1jc1gcg34e2","cmoecyout000tf1jcxacpjlb8",4,"2026-04-25T13:11:28.049Z"
"cmoecyq0h012sf1jc04ui9631","cmoecyq0a012gf1jc1gcg34e2","cmoecyov0000vf1jcebemgszg",5,"2026-04-25T13:11:28.049Z"
"cmoecyq0h012tf1jcq8t4ps5g","cmoecyq0a012gf1jc1gcg34e2","cmoecyov8000xf1jcczqq5tig",5,"2026-04-25T13:11:28.049Z"
"cmoecyq0h012uf1jci1o4pa5g","cmoecyq0a012gf1jc1gcg34e2","cmoecyovf000zf1jc6al9h4xw",4,"2026-04-25T13:11:28.049Z"
"cmoecyq0h012vf1jcvpm0zzf0","cmoecyq0a012gf1jc1gcg34e2","cmoecyovl0011f1jc20al0cur",5,"2026-04-25T13:11:28.049Z"
"cmoecyq0h012wf1jcne47a3q9","cmoecyq0a012gf1jc1gcg34e2","cmoecyovq0013f1jcwh932esj",5,"2026-04-25T13:11:28.049Z"
"cmoecyq0h012xf1jcevltht2y","cmoecyq0a012gf1jc1gcg34e2","cmoecyovv0015f1jcwn1ix1ku",5,"2026-04-25T13:11:28.049Z"
"cmoecyq0h012yf1jc1qmcbks7","cmoecyq0a012gf1jc1gcg34e2","cmoecyow10017f1jckvt6jy48",4,"2026-04-25T13:11:28.049Z"
"cmoecyq0h012zf1jcq4hnuhjg","cmoecyq0a012gf1jc1gcg34e2","cmoecyow70019f1jcghkdnibp",4,"2026-04-25T13:11:28.049Z"
"cmoecyq0h0130f1jcfaohhbcd","cmoecyq0a012gf1jc1gcg34e2","cmoecyowe001bf1jc147lay2z",5,"2026-04-25T13:11:28.049Z"
"cmoecyq0h0131f1jchdbj5sfe","cmoecyq0a012gf1jc1gcg34e2","cmoecyowk001df1jcitlpfot4",4,"2026-04-25T13:11:28.049Z"
"cmoecyq0h0132f1jcyfel6f0y","cmoecyq0a012gf1jc1gcg34e2","cmoecyowr001ff1jcvai6ub9l",5,"2026-04-25T13:11:28.049Z"
"cmoecyq0h0133f1jcv79g623b","cmoecyq0a012gf1jc1gcg34e2","cmoecyowx001hf1jcitibv2kc",5,"2026-04-25T13:11:28.049Z"
"cmoecyq0h0134f1jcyvpzsdiq","cmoecyq0a012gf1jc1gcg34e2","cmoecyox2001jf1jcxlmrbsix",5,"2026-04-25T13:11:28.049Z"
"cmoecyq0h0135f1jcndi5f7yg","cmoecyq0a012gf1jc1gcg34e2","cmoecyox8001lf1jclaojl3u4",5,"2026-04-25T13:11:28.049Z"
"cmoecyq0h0136f1jcmjvysqlq","cmoecyq0a012gf1jc1gcg34e2","cmoecyoxf001nf1jcpcn43q2h",4,"2026-04-25T13:11:28.049Z"
"cmoecyq0h0137f1jc81m477fn","cmoecyq0a012gf1jc1gcg34e2","cmoecyoxm001pf1jck372pscl",4,"2026-04-25T13:11:28.049Z"
"cmoecyq12013cf1jcag44wcqi","cmoecyq0v013bf1jczuojvjyh","cmoecyosy0009f1jcnyjiqtrv",5,"2026-04-25T13:11:28.070Z"
"cmoecyq12013df1jcp8spmpx8","cmoecyq0v013bf1jczuojvjyh","cmoecyot5000bf1jcz72lbhd2",4,"2026-04-25T13:11:28.070Z"
"cmoecyq12013ef1jclnep0g8n","cmoecyq0v013bf1jczuojvjyh","cmoecyotd000df1jc6lsgcq0q",4,"2026-04-25T13:11:28.070Z"
"cmoecyq12013ff1jc5exh56nv","cmoecyq0v013bf1jczuojvjyh","cmoecyotj000ff1jcdbezkhdn",4,"2026-04-25T13:11:28.070Z"
"cmoecyq12013gf1jcvpvz3szg","cmoecyq0v013bf1jczuojvjyh","cmoecyotr000hf1jcjt49goml",4,"2026-04-25T13:11:28.070Z"
"cmoecyq12013hf1jchhm6otpg","cmoecyq0v013bf1jczuojvjyh","cmoecyotw000jf1jc5ttuthae",4,"2026-04-25T13:11:28.070Z"
"cmoecyq12013if1jcdi0fgosl","cmoecyq0v013bf1jczuojvjyh","cmoecyou2000lf1jc4qzd468r",4,"2026-04-25T13:11:28.070Z"
"cmoecyq12013jf1jcqup3wivf","cmoecyq0v013bf1jczuojvjyh","cmoecyou9000nf1jco1pxt52l",4,"2026-04-25T13:11:28.070Z"
"cmoecyq12013kf1jcy60wplsd","cmoecyq0v013bf1jczuojvjyh","cmoecyouf000pf1jcz7jx8q8t",5,"2026-04-25T13:11:28.070Z"
"cmoecyq12013lf1jccujsg2kp","cmoecyq0v013bf1jczuojvjyh","cmoecyoun000rf1jc1bma24m3",4,"2026-04-25T13:11:28.070Z"
"cmoecyq12013mf1jc2ucq45o3","cmoecyq0v013bf1jczuojvjyh","cmoecyout000tf1jcxacpjlb8",5,"2026-04-25T13:11:28.070Z"
"cmoecyq12013nf1jc2dzmnz01","cmoecyq0v013bf1jczuojvjyh","cmoecyov0000vf1jcebemgszg",4,"2026-04-25T13:11:28.070Z"
"cmoecyq12013of1jc800zj44f","cmoecyq0v013bf1jczuojvjyh","cmoecyov8000xf1jcczqq5tig",4,"2026-04-25T13:11:28.070Z"
"cmoecyq12013pf1jcsu2ud8ac","cmoecyq0v013bf1jczuojvjyh","cmoecyovf000zf1jc6al9h4xw",4,"2026-04-25T13:11:28.070Z"
"cmoecyq12013qf1jcinyxbwt1","cmoecyq0v013bf1jczuojvjyh","cmoecyovl0011f1jc20al0cur",4,"2026-04-25T13:11:28.070Z"
"cmoecyq12013rf1jcy9opsxlo","cmoecyq0v013bf1jczuojvjyh","cmoecyovq0013f1jcwh932esj",4,"2026-04-25T13:11:28.070Z"
"cmoecyq12013sf1jcyqb2dn50","cmoecyq0v013bf1jczuojvjyh","cmoecyovv0015f1jcwn1ix1ku",3,"2026-04-25T13:11:28.070Z"
"cmoecyq12013tf1jca6m8zcwi","cmoecyq0v013bf1jczuojvjyh","cmoecyow10017f1jckvt6jy48",4,"2026-04-25T13:11:28.070Z"
"cmoecyq12013uf1jcn9lw75mz","cmoecyq0v013bf1jczuojvjyh","cmoecyow70019f1jcghkdnibp",4,"2026-04-25T13:11:28.070Z"
"cmoecyq12013vf1jc1057cppj","cmoecyq0v013bf1jczuojvjyh","cmoecyowe001bf1jc147lay2z",4,"2026-04-25T13:11:28.070Z"
"cmoecyq12013wf1jc87x8pq4s","cmoecyq0v013bf1jczuojvjyh","cmoecyowk001df1jcitlpfot4",4,"2026-04-25T13:11:28.070Z"
"cmoecyq12013xf1jcfj6es0sr","cmoecyq0v013bf1jczuojvjyh","cmoecyowr001ff1jcvai6ub9l",4,"2026-04-25T13:11:28.070Z"
"cmoecyq12013yf1jc97ig325i","cmoecyq0v013bf1jczuojvjyh","cmoecyowx001hf1jcitibv2kc",5,"2026-04-25T13:11:28.070Z"
"cmoecyq12013zf1jcdxbigae7","cmoecyq0v013bf1jczuojvjyh","cmoecyox2001jf1jcxlmrbsix",3,"2026-04-25T13:11:28.070Z"
"cmoecyq120140f1jc3xhwwb2r","cmoecyq0v013bf1jczuojvjyh","cmoecyox8001lf1jclaojl3u4",4,"2026-04-25T13:11:28.070Z"
"cmoecyq120141f1jc76uwrw9v","cmoecyq0v013bf1jczuojvjyh","cmoecyoxf001nf1jcpcn43q2h",3,"2026-04-25T13:11:28.070Z"
"cmoecyq120142f1jc37c6jcri","cmoecyq0v013bf1jczuojvjyh","cmoecyoxm001pf1jck372pscl",4,"2026-04-25T13:11:28.070Z"
"cmoecyq1p0147f1jchjvozuiz","cmoecyq1i0146f1jckd4y68xx","cmoecyosy0009f1jcnyjiqtrv",4,"2026-04-25T13:11:28.094Z"
"cmoecyq1p0148f1jcnwp5xvva","cmoecyq1i0146f1jckd4y68xx","cmoecyot5000bf1jcz72lbhd2",3,"2026-04-25T13:11:28.094Z"
"cmoecyq1p0149f1jcwgp4kcl6","cmoecyq1i0146f1jckd4y68xx","cmoecyotd000df1jc6lsgcq0q",4,"2026-04-25T13:11:28.094Z"
"cmoecyq1p014af1jc9ei8ondx","cmoecyq1i0146f1jckd4y68xx","cmoecyotj000ff1jcdbezkhdn",4,"2026-04-25T13:11:28.094Z"
"cmoecyq1p014bf1jcofu3obq3","cmoecyq1i0146f1jckd4y68xx","cmoecyotr000hf1jcjt49goml",4,"2026-04-25T13:11:28.094Z"
"cmoecyq1p014cf1jcjid802n1","cmoecyq1i0146f1jckd4y68xx","cmoecyotw000jf1jc5ttuthae",4,"2026-04-25T13:11:28.094Z"
"cmoecyq1p014df1jcnckww6so","cmoecyq1i0146f1jckd4y68xx","cmoecyou2000lf1jc4qzd468r",3,"2026-04-25T13:11:28.094Z"
"cmoecyq1p014ef1jciaccc91e","cmoecyq1i0146f1jckd4y68xx","cmoecyou9000nf1jco1pxt52l",4,"2026-04-25T13:11:28.094Z"
"cmoecyq1p014ff1jc8oz6h8hx","cmoecyq1i0146f1jckd4y68xx","cmoecyouf000pf1jcz7jx8q8t",4,"2026-04-25T13:11:28.094Z"
"cmoecyq1p014gf1jcrb0011od","cmoecyq1i0146f1jckd4y68xx","cmoecyoun000rf1jc1bma24m3",4,"2026-04-25T13:11:28.094Z"
"cmoecyq1p014hf1jc3dhw7es0","cmoecyq1i0146f1jckd4y68xx","cmoecyout000tf1jcxacpjlb8",5,"2026-04-25T13:11:28.094Z"
"cmoecyq1p014if1jc5569e2bw","cmoecyq1i0146f1jckd4y68xx","cmoecyov0000vf1jcebemgszg",5,"2026-04-25T13:11:28.094Z"
"cmoecyq1q014jf1jcdrazciji","cmoecyq1i0146f1jckd4y68xx","cmoecyov8000xf1jcczqq5tig",3,"2026-04-25T13:11:28.094Z"
"cmoecyq1q014kf1jcy7nt0oi0","cmoecyq1i0146f1jckd4y68xx","cmoecyovf000zf1jc6al9h4xw",4,"2026-04-25T13:11:28.094Z"
"cmoecyq1q014lf1jc6l5k0hdo","cmoecyq1i0146f1jckd4y68xx","cmoecyovl0011f1jc20al0cur",4,"2026-04-25T13:11:28.094Z"
"cmoecyq1q014mf1jczfclx9os","cmoecyq1i0146f1jckd4y68xx","cmoecyovq0013f1jcwh932esj",3,"2026-04-25T13:11:28.094Z"
"cmoecyq1q014nf1jcgnexuw15","cmoecyq1i0146f1jckd4y68xx","cmoecyovv0015f1jcwn1ix1ku",4,"2026-04-25T13:11:28.094Z"
"cmoecyq1q014of1jca0absx4e","cmoecyq1i0146f1jckd4y68xx","cmoecyow10017f1jckvt6jy48",4,"2026-04-25T13:11:28.094Z"
"cmoecyq1q014pf1jcqtztjvwf","cmoecyq1i0146f1jckd4y68xx","cmoecyow70019f1jcghkdnibp",4,"2026-04-25T13:11:28.094Z"
"cmoecyq1q014qf1jc16ezsej8","cmoecyq1i0146f1jckd4y68xx","cmoecyowe001bf1jc147lay2z",4,"2026-04-25T13:11:28.094Z"
"cmoecyq1q014rf1jcx8yozb1k","cmoecyq1i0146f1jckd4y68xx","cmoecyowk001df1jcitlpfot4",4,"2026-04-25T13:11:28.094Z"
"cmoecyq1q014sf1jccueeax69","cmoecyq1i0146f1jckd4y68xx","cmoecyowr001ff1jcvai6ub9l",4,"2026-04-25T13:11:28.094Z"
"cmoecyq1q014tf1jcy26l0me2","cmoecyq1i0146f1jckd4y68xx","cmoecyowx001hf1jcitibv2kc",4,"2026-04-25T13:11:28.094Z"
"cmoecyq1q014uf1jc51bxy65m","cmoecyq1i0146f1jckd4y68xx","cmoecyox2001jf1jcxlmrbsix",4,"2026-04-25T13:11:28.094Z"
"cmoecyq1q014vf1jc06zigo2g","cmoecyq1i0146f1jckd4y68xx","cmoecyox8001lf1jclaojl3u4",3,"2026-04-25T13:11:28.094Z"
"cmoecyq1q014wf1jccyk9emvb","cmoecyq1i0146f1jckd4y68xx","cmoecyoxf001nf1jcpcn43q2h",3,"2026-04-25T13:11:28.094Z"
"cmoecyq1q014xf1jcyxxu3gd5","cmoecyq1i0146f1jckd4y68xx","cmoecyoxm001pf1jck372pscl",4,"2026-04-25T13:11:28.094Z"
"cmoecyq2c0152f1jc8ackyd7w","cmoecyq260151f1jc4sclml1z","cmoecyosy0009f1jcnyjiqtrv",3,"2026-04-25T13:11:28.116Z"
"cmoecyq2c0153f1jcwu1twhoe","cmoecyq260151f1jc4sclml1z","cmoecyot5000bf1jcz72lbhd2",4,"2026-04-25T13:11:28.116Z"
"cmoecyq2c0154f1jcjgsli0bp","cmoecyq260151f1jc4sclml1z","cmoecyotd000df1jc6lsgcq0q",3,"2026-04-25T13:11:28.116Z"
"cmoecyq2c0155f1jcouiwcttw","cmoecyq260151f1jc4sclml1z","cmoecyotj000ff1jcdbezkhdn",4,"2026-04-25T13:11:28.116Z"
"cmoecyq2c0156f1jc71alrsn5","cmoecyq260151f1jc4sclml1z","cmoecyotr000hf1jcjt49goml",4,"2026-04-25T13:11:28.116Z"
"cmoecyq2c0157f1jcs4413kex","cmoecyq260151f1jc4sclml1z","cmoecyotw000jf1jc5ttuthae",5,"2026-04-25T13:11:28.116Z"
"cmoecyq2c0158f1jcfr2uhk5q","cmoecyq260151f1jc4sclml1z","cmoecyou2000lf1jc4qzd468r",4,"2026-04-25T13:11:28.116Z"
"cmoecyq2c0159f1jc6hjicjgp","cmoecyq260151f1jc4sclml1z","cmoecyou9000nf1jco1pxt52l",4,"2026-04-25T13:11:28.116Z"
"cmoecyq2c015af1jcd6ifzziy","cmoecyq260151f1jc4sclml1z","cmoecyouf000pf1jcz7jx8q8t",4,"2026-04-25T13:11:28.116Z"
"cmoecyq2c015bf1jc2x8bo53c","cmoecyq260151f1jc4sclml1z","cmoecyoun000rf1jc1bma24m3",4,"2026-04-25T13:11:28.116Z"
"cmoecyq2c015cf1jcy7nkaelu","cmoecyq260151f1jc4sclml1z","cmoecyout000tf1jcxacpjlb8",3,"2026-04-25T13:11:28.116Z"
"cmoecyq2c015df1jci72lwvvo","cmoecyq260151f1jc4sclml1z","cmoecyov0000vf1jcebemgszg",4,"2026-04-25T13:11:28.116Z"
"cmoecyq2c015ef1jcdc5ma3mw","cmoecyq260151f1jc4sclml1z","cmoecyov8000xf1jcczqq5tig",4,"2026-04-25T13:11:28.116Z"
"cmoecyq2c015ff1jcn7sbi4mj","cmoecyq260151f1jc4sclml1z","cmoecyovf000zf1jc6al9h4xw",5,"2026-04-25T13:11:28.116Z"
"cmoecyq2c015gf1jccse5p03r","cmoecyq260151f1jc4sclml1z","cmoecyovl0011f1jc20al0cur",4,"2026-04-25T13:11:28.116Z"
"cmoecyq2c015hf1jc3koz6nv5","cmoecyq260151f1jc4sclml1z","cmoecyovq0013f1jcwh932esj",5,"2026-04-25T13:11:28.116Z"
"cmoecyq2c015if1jce95j1hqg","cmoecyq260151f1jc4sclml1z","cmoecyovv0015f1jcwn1ix1ku",4,"2026-04-25T13:11:28.116Z"
"cmoecyq2c015jf1jcqe6zmnkx","cmoecyq260151f1jc4sclml1z","cmoecyow10017f1jckvt6jy48",5,"2026-04-25T13:11:28.116Z"
"cmoecyq2c015kf1jccwrjyndp","cmoecyq260151f1jc4sclml1z","cmoecyow70019f1jcghkdnibp",3,"2026-04-25T13:11:28.116Z"
"cmoecyq2c015lf1jc3qvlnk6g","cmoecyq260151f1jc4sclml1z","cmoecyowe001bf1jc147lay2z",4,"2026-04-25T13:11:28.116Z"
"cmoecyq2c015mf1jclqvza4ii","cmoecyq260151f1jc4sclml1z","cmoecyowk001df1jcitlpfot4",5,"2026-04-25T13:11:28.116Z"
"cmoecyq2c015nf1jcp5a9bn2c","cmoecyq260151f1jc4sclml1z","cmoecyowr001ff1jcvai6ub9l",3,"2026-04-25T13:11:28.116Z"
"cmoecyq2c015of1jczrnvwtpy","cmoecyq260151f1jc4sclml1z","cmoecyowx001hf1jcitibv2kc",4,"2026-04-25T13:11:28.116Z"
"cmoecyq2c015pf1jcxf1zruve","cmoecyq260151f1jc4sclml1z","cmoecyox2001jf1jcxlmrbsix",3,"2026-04-25T13:11:28.116Z"
"cmoecyq2c015qf1jcbt09r4nb","cmoecyq260151f1jc4sclml1z","cmoecyox8001lf1jclaojl3u4",4,"2026-04-25T13:11:28.116Z"
"cmoecyq2c015rf1jcg6d7l8jq","cmoecyq260151f1jc4sclml1z","cmoecyoxf001nf1jcpcn43q2h",3,"2026-04-25T13:11:28.116Z"
"cmoecyq2c015sf1jc8915tdkb","cmoecyq260151f1jc4sclml1z","cmoecyoxm001pf1jck372pscl",4,"2026-04-25T13:11:28.116Z"
"cmoecyq2y015xf1jcspy1f0jd","cmoecyq2r015wf1jc9b5d9mol","cmoecyosy0009f1jcnyjiqtrv",5,"2026-04-25T13:11:28.138Z"
"cmoecyq2y015yf1jcu8pi9fnj","cmoecyq2r015wf1jc9b5d9mol","cmoecyot5000bf1jcz72lbhd2",5,"2026-04-25T13:11:28.138Z"
"cmoecyq2y015zf1jchgpz7yrq","cmoecyq2r015wf1jc9b5d9mol","cmoecyotd000df1jc6lsgcq0q",5,"2026-04-25T13:11:28.138Z"
"cmoecyq2y0160f1jc2vr7ksa0","cmoecyq2r015wf1jc9b5d9mol","cmoecyotj000ff1jcdbezkhdn",4,"2026-04-25T13:11:28.138Z"
"cmoecyq2y0161f1jcate0fl3b","cmoecyq2r015wf1jc9b5d9mol","cmoecyotr000hf1jcjt49goml",5,"2026-04-25T13:11:28.138Z"
"cmoecyq2y0162f1jcpbr39aym","cmoecyq2r015wf1jc9b5d9mol","cmoecyotw000jf1jc5ttuthae",5,"2026-04-25T13:11:28.138Z"
"cmoecyq2y0163f1jcslcynuxb","cmoecyq2r015wf1jc9b5d9mol","cmoecyou2000lf1jc4qzd468r",5,"2026-04-25T13:11:28.138Z"
"cmoecyq2y0164f1jc52zy4peh","cmoecyq2r015wf1jc9b5d9mol","cmoecyou9000nf1jco1pxt52l",4,"2026-04-25T13:11:28.138Z"
"cmoecyq2y0165f1jck9bp4zf3","cmoecyq2r015wf1jc9b5d9mol","cmoecyouf000pf1jcz7jx8q8t",5,"2026-04-25T13:11:28.138Z"
"cmoecyq2y0166f1jctpizutps","cmoecyq2r015wf1jc9b5d9mol","cmoecyoun000rf1jc1bma24m3",4,"2026-04-25T13:11:28.138Z"
"cmoecyq2y0167f1jc2tpkkl9f","cmoecyq2r015wf1jc9b5d9mol","cmoecyout000tf1jcxacpjlb8",5,"2026-04-25T13:11:28.138Z"
"cmoecyq2y0168f1jc3ijstwlg","cmoecyq2r015wf1jc9b5d9mol","cmoecyov0000vf1jcebemgszg",4,"2026-04-25T13:11:28.138Z"
"cmoecyq2y0169f1jcv807hrww","cmoecyq2r015wf1jc9b5d9mol","cmoecyov8000xf1jcczqq5tig",5,"2026-04-25T13:11:28.138Z"
"cmoecyq2y016af1jcn13nwkar","cmoecyq2r015wf1jc9b5d9mol","cmoecyovf000zf1jc6al9h4xw",5,"2026-04-25T13:11:28.138Z"
"cmoecyq2y016bf1jcan4do9pf","cmoecyq2r015wf1jc9b5d9mol","cmoecyovl0011f1jc20al0cur",4,"2026-04-25T13:11:28.138Z"
"cmoecyq2y016cf1jccco3rcwl","cmoecyq2r015wf1jc9b5d9mol","cmoecyovq0013f1jcwh932esj",4,"2026-04-25T13:11:28.138Z"
"cmoecyq2y016df1jcoqnr4j60","cmoecyq2r015wf1jc9b5d9mol","cmoecyovv0015f1jcwn1ix1ku",4,"2026-04-25T13:11:28.138Z"
"cmoecyq2y016ef1jcch7ofs2s","cmoecyq2r015wf1jc9b5d9mol","cmoecyow10017f1jckvt6jy48",4,"2026-04-25T13:11:28.138Z"
"cmoecyq2y016ff1jc74ffkrwz","cmoecyq2r015wf1jc9b5d9mol","cmoecyow70019f1jcghkdnibp",4,"2026-04-25T13:11:28.138Z"
"cmoecyq2y016gf1jcpt31uj7u","cmoecyq2r015wf1jc9b5d9mol","cmoecyowe001bf1jc147lay2z",4,"2026-04-25T13:11:28.138Z"
"cmoecyq2y016hf1jcs1ciptqz","cmoecyq2r015wf1jc9b5d9mol","cmoecyowk001df1jcitlpfot4",4,"2026-04-25T13:11:28.138Z"
"cmoecyq2y016if1jce0zg1joo","cmoecyq2r015wf1jc9b5d9mol","cmoecyowr001ff1jcvai6ub9l",4,"2026-04-25T13:11:28.138Z"
"cmoecyq2y016jf1jckmn6xkmr","cmoecyq2r015wf1jc9b5d9mol","cmoecyowx001hf1jcitibv2kc",4,"2026-04-25T13:11:28.138Z"
"cmoecyq2y016kf1jc5vw7yh2v","cmoecyq2r015wf1jc9b5d9mol","cmoecyox2001jf1jcxlmrbsix",4,"2026-04-25T13:11:28.138Z"
"cmoecyq2y016lf1jcb7ge01bg","cmoecyq2r015wf1jc9b5d9mol","cmoecyox8001lf1jclaojl3u4",4,"2026-04-25T13:11:28.138Z"
"cmoecyq2y016mf1jc1uy8wkge","cmoecyq2r015wf1jc9b5d9mol","cmoecyoxf001nf1jcpcn43q2h",4,"2026-04-25T13:11:28.138Z"
"cmoecyq2y016nf1jcnvr0uj73","cmoecyq2r015wf1jc9b5d9mol","cmoecyoxm001pf1jck372pscl",5,"2026-04-25T13:11:28.138Z"
"cmoecyq3k016sf1jcxq2nipeo","cmoecyq3e016rf1jcmj1fami4","cmoecyosy0009f1jcnyjiqtrv",4,"2026-04-25T13:11:28.161Z"
"cmoecyq3k016tf1jciitlfk0t","cmoecyq3e016rf1jcmj1fami4","cmoecyot5000bf1jcz72lbhd2",3,"2026-04-25T13:11:28.161Z"
"cmoecyq3k016uf1jc14z2jcqa","cmoecyq3e016rf1jcmj1fami4","cmoecyotd000df1jc6lsgcq0q",4,"2026-04-25T13:11:28.161Z"
"cmoecyq3l016vf1jcbjr870ux","cmoecyq3e016rf1jcmj1fami4","cmoecyotj000ff1jcdbezkhdn",3,"2026-04-25T13:11:28.161Z"
"cmoecyq3l016wf1jc3q1zuvw9","cmoecyq3e016rf1jcmj1fami4","cmoecyotr000hf1jcjt49goml",4,"2026-04-25T13:11:28.161Z"
"cmoecyq3l016xf1jck1hw5em5","cmoecyq3e016rf1jcmj1fami4","cmoecyotw000jf1jc5ttuthae",3,"2026-04-25T13:11:28.161Z"
"cmoecyq3l016yf1jcfn024s7b","cmoecyq3e016rf1jcmj1fami4","cmoecyou2000lf1jc4qzd468r",4,"2026-04-25T13:11:28.161Z"
"cmoecyq3l016zf1jc2irtth7p","cmoecyq3e016rf1jcmj1fami4","cmoecyou9000nf1jco1pxt52l",4,"2026-04-25T13:11:28.161Z"
"cmoecyq3l0170f1jcz6a0u2e0","cmoecyq3e016rf1jcmj1fami4","cmoecyouf000pf1jcz7jx8q8t",4,"2026-04-25T13:11:28.161Z"
"cmoecyq3l0171f1jcro1v2jx0","cmoecyq3e016rf1jcmj1fami4","cmoecyoun000rf1jc1bma24m3",5,"2026-04-25T13:11:28.161Z"
"cmoecyq3l0172f1jc1ky1u0vd","cmoecyq3e016rf1jcmj1fami4","cmoecyout000tf1jcxacpjlb8",3,"2026-04-25T13:11:28.161Z"
"cmoecyq3l0173f1jcjake609x","cmoecyq3e016rf1jcmj1fami4","cmoecyov0000vf1jcebemgszg",4,"2026-04-25T13:11:28.161Z"
"cmoecyq3l0174f1jciurmvd6b","cmoecyq3e016rf1jcmj1fami4","cmoecyov8000xf1jcczqq5tig",4,"2026-04-25T13:11:28.161Z"
"cmoecyq3l0175f1jczr59n0mx","cmoecyq3e016rf1jcmj1fami4","cmoecyovf000zf1jc6al9h4xw",4,"2026-04-25T13:11:28.161Z"
"cmoecyq3l0176f1jc5q1mnlq8","cmoecyq3e016rf1jcmj1fami4","cmoecyovl0011f1jc20al0cur",4,"2026-04-25T13:11:28.161Z"
"cmoecyq3l0177f1jcls0l8eqw","cmoecyq3e016rf1jcmj1fami4","cmoecyovq0013f1jcwh932esj",4,"2026-04-25T13:11:28.161Z"
"cmoecyq3l0178f1jc10l1obyx","cmoecyq3e016rf1jcmj1fami4","cmoecyovv0015f1jcwn1ix1ku",4,"2026-04-25T13:11:28.161Z"
"cmoecyq3l0179f1jcmsfrdnm5","cmoecyq3e016rf1jcmj1fami4","cmoecyow10017f1jckvt6jy48",3,"2026-04-25T13:11:28.161Z"
"cmoecyq3l017af1jcw9tt6d3w","cmoecyq3e016rf1jcmj1fami4","cmoecyow70019f1jcghkdnibp",3,"2026-04-25T13:11:28.161Z"
"cmoecyq3l017bf1jc0tjmzscd","cmoecyq3e016rf1jcmj1fami4","cmoecyowe001bf1jc147lay2z",3,"2026-04-25T13:11:28.161Z"
"cmoecyq3l017cf1jcdmfc2c1u","cmoecyq3e016rf1jcmj1fami4","cmoecyowk001df1jcitlpfot4",4,"2026-04-25T13:11:28.161Z"
"cmoecyq3l017df1jcqyhckkz9","cmoecyq3e016rf1jcmj1fami4","cmoecyowr001ff1jcvai6ub9l",3,"2026-04-25T13:11:28.161Z"
"cmoecyq3l017ef1jc2xwrxngb","cmoecyq3e016rf1jcmj1fami4","cmoecyowx001hf1jcitibv2kc",3,"2026-04-25T13:11:28.161Z"
"cmoecyq3l017ff1jcks1l8y78","cmoecyq3e016rf1jcmj1fami4","cmoecyox2001jf1jcxlmrbsix",4,"2026-04-25T13:11:28.161Z"
"cmoecyq3l017gf1jcbejn81hp","cmoecyq3e016rf1jcmj1fami4","cmoecyox8001lf1jclaojl3u4",4,"2026-04-25T13:11:28.161Z"
"cmoecyq3l017hf1jcqg2axog3","cmoecyq3e016rf1jcmj1fami4","cmoecyoxf001nf1jcpcn43q2h",4,"2026-04-25T13:11:28.161Z"
"cmoecyq3l017if1jc2kjpaxvx","cmoecyq3e016rf1jcmj1fami4","cmoecyoxm001pf1jck372pscl",3,"2026-04-25T13:11:28.161Z"
"cmoecyq44017nf1jc2b24gz7h","cmoecyq3y017mf1jcosxkpvgz","cmoecyosy0009f1jcnyjiqtrv",4,"2026-04-25T13:11:28.180Z"
"cmoecyq44017of1jcfv2c43v7","cmoecyq3y017mf1jcosxkpvgz","cmoecyot5000bf1jcz72lbhd2",3,"2026-04-25T13:11:28.180Z"
"cmoecyq44017pf1jc1sqj08su","cmoecyq3y017mf1jcosxkpvgz","cmoecyotd000df1jc6lsgcq0q",3,"2026-04-25T13:11:28.180Z"
"cmoecyq44017qf1jcijillcy4","cmoecyq3y017mf1jcosxkpvgz","cmoecyotj000ff1jcdbezkhdn",3,"2026-04-25T13:11:28.180Z"
"cmoecyq44017rf1jc7z9ye2wd","cmoecyq3y017mf1jcosxkpvgz","cmoecyotr000hf1jcjt49goml",4,"2026-04-25T13:11:28.180Z"
"cmoecyq44017sf1jcd7u8t1e4","cmoecyq3y017mf1jcosxkpvgz","cmoecyotw000jf1jc5ttuthae",4,"2026-04-25T13:11:28.180Z"
"cmoecyq44017tf1jcl74iug7i","cmoecyq3y017mf1jcosxkpvgz","cmoecyou2000lf1jc4qzd468r",3,"2026-04-25T13:11:28.180Z"
"cmoecyq44017uf1jcp23hnbrr","cmoecyq3y017mf1jcosxkpvgz","cmoecyou9000nf1jco1pxt52l",3,"2026-04-25T13:11:28.180Z"
"cmoecyq44017vf1jc5yosyhy7","cmoecyq3y017mf1jcosxkpvgz","cmoecyouf000pf1jcz7jx8q8t",3,"2026-04-25T13:11:28.180Z"
"cmoecyq44017wf1jczfe4h9am","cmoecyq3y017mf1jcosxkpvgz","cmoecyoun000rf1jc1bma24m3",3,"2026-04-25T13:11:28.180Z"
"cmoecyq44017xf1jc43cqpz90","cmoecyq3y017mf1jcosxkpvgz","cmoecyout000tf1jcxacpjlb8",4,"2026-04-25T13:11:28.180Z"
"cmoecyq44017yf1jc8sjxso31","cmoecyq3y017mf1jcosxkpvgz","cmoecyov0000vf1jcebemgszg",4,"2026-04-25T13:11:28.180Z"
"cmoecyq44017zf1jcqp1ess4m","cmoecyq3y017mf1jcosxkpvgz","cmoecyov8000xf1jcczqq5tig",4,"2026-04-25T13:11:28.180Z"
"cmoecyq440180f1jcb885fjea","cmoecyq3y017mf1jcosxkpvgz","cmoecyovf000zf1jc6al9h4xw",3,"2026-04-25T13:11:28.180Z"
"cmoecyq440181f1jcigrml18k","cmoecyq3y017mf1jcosxkpvgz","cmoecyovl0011f1jc20al0cur",4,"2026-04-25T13:11:28.180Z"
"cmoecyq440182f1jcvl30xsto","cmoecyq3y017mf1jcosxkpvgz","cmoecyovq0013f1jcwh932esj",4,"2026-04-25T13:11:28.180Z"
"cmoecyq440183f1jcwswbsupb","cmoecyq3y017mf1jcosxkpvgz","cmoecyovv0015f1jcwn1ix1ku",4,"2026-04-25T13:11:28.180Z"
"cmoecyq440184f1jcxttr0u9r","cmoecyq3y017mf1jcosxkpvgz","cmoecyow10017f1jckvt6jy48",4,"2026-04-25T13:11:28.180Z"
"cmoecyq440185f1jcy7dqpd91","cmoecyq3y017mf1jcosxkpvgz","cmoecyow70019f1jcghkdnibp",4,"2026-04-25T13:11:28.180Z"
"cmoecyq440186f1jcwus3hs1m","cmoecyq3y017mf1jcosxkpvgz","cmoecyowe001bf1jc147lay2z",3,"2026-04-25T13:11:28.180Z"
"cmoecyq440187f1jc8zi8pwfo","cmoecyq3y017mf1jcosxkpvgz","cmoecyowk001df1jcitlpfot4",4,"2026-04-25T13:11:28.180Z"
"cmoecyq440188f1jcyzk1hkhs","cmoecyq3y017mf1jcosxkpvgz","cmoecyowr001ff1jcvai6ub9l",3,"2026-04-25T13:11:28.180Z"
"cmoecyq440189f1jcqpz3b2jw","cmoecyq3y017mf1jcosxkpvgz","cmoecyowx001hf1jcitibv2kc",4,"2026-04-25T13:11:28.180Z"
"cmoecyq44018af1jcs99ndxn9","cmoecyq3y017mf1jcosxkpvgz","cmoecyox2001jf1jcxlmrbsix",3,"2026-04-25T13:11:28.180Z"
"cmoecyq44018bf1jc5wao064t","cmoecyq3y017mf1jcosxkpvgz","cmoecyox8001lf1jclaojl3u4",3,"2026-04-25T13:11:28.180Z"
"cmoecyq44018cf1jcenjhccta","cmoecyq3y017mf1jcosxkpvgz","cmoecyoxf001nf1jcpcn43q2h",4,"2026-04-25T13:11:28.180Z"
"cmoecyq44018df1jcmw0t2p3b","cmoecyq3y017mf1jcosxkpvgz","cmoecyoxm001pf1jck372pscl",4,"2026-04-25T13:11:28.180Z"
"cmoecyq4p018if1jcs769035t","cmoecyq4i018hf1jcfthdxypt","cmoecyosy0009f1jcnyjiqtrv",4,"2026-04-25T13:11:28.201Z"
"cmoecyq4p018jf1jcw6rnxx5v","cmoecyq4i018hf1jcfthdxypt","cmoecyot5000bf1jcz72lbhd2",4,"2026-04-25T13:11:28.201Z"
"cmoecyq4p018kf1jce3odm0yj","cmoecyq4i018hf1jcfthdxypt","cmoecyotd000df1jc6lsgcq0q",4,"2026-04-25T13:11:28.201Z"
"cmoecyq4p018lf1jcps1w9h4u","cmoecyq4i018hf1jcfthdxypt","cmoecyotj000ff1jcdbezkhdn",4,"2026-04-25T13:11:28.201Z"
"cmoecyq4p018mf1jc6mkoaaio","cmoecyq4i018hf1jcfthdxypt","cmoecyotr000hf1jcjt49goml",4,"2026-04-25T13:11:28.201Z"
"cmoecyq4p018nf1jcy6db6qlr","cmoecyq4i018hf1jcfthdxypt","cmoecyotw000jf1jc5ttuthae",5,"2026-04-25T13:11:28.201Z"
"cmoecyq4p018of1jcjfq0ca1f","cmoecyq4i018hf1jcfthdxypt","cmoecyou2000lf1jc4qzd468r",4,"2026-04-25T13:11:28.201Z"
"cmoecyq4p018pf1jcvsntcahc","cmoecyq4i018hf1jcfthdxypt","cmoecyou9000nf1jco1pxt52l",4,"2026-04-25T13:11:28.201Z"
"cmoecyq4p018qf1jctov5izyt","cmoecyq4i018hf1jcfthdxypt","cmoecyouf000pf1jcz7jx8q8t",5,"2026-04-25T13:11:28.201Z"
"cmoecyq4p018rf1jcqm76fm4c","cmoecyq4i018hf1jcfthdxypt","cmoecyoun000rf1jc1bma24m3",4,"2026-04-25T13:11:28.201Z"
"cmoecyq4p018sf1jcy8votdeb","cmoecyq4i018hf1jcfthdxypt","cmoecyout000tf1jcxacpjlb8",4,"2026-04-25T13:11:28.201Z"
"cmoecyq4p018tf1jc4cuwltek","cmoecyq4i018hf1jcfthdxypt","cmoecyov0000vf1jcebemgszg",4,"2026-04-25T13:11:28.201Z"
"cmoecyq4p018uf1jcj0lptugl","cmoecyq4i018hf1jcfthdxypt","cmoecyov8000xf1jcczqq5tig",4,"2026-04-25T13:11:28.201Z"
"cmoecyq4p018vf1jcpzcsf38j","cmoecyq4i018hf1jcfthdxypt","cmoecyovf000zf1jc6al9h4xw",5,"2026-04-25T13:11:28.201Z"
"cmoecyq4p018wf1jcc6x1kc8v","cmoecyq4i018hf1jcfthdxypt","cmoecyovl0011f1jc20al0cur",4,"2026-04-25T13:11:28.201Z"
"cmoecyq4p018xf1jc7xcxjnmy","cmoecyq4i018hf1jcfthdxypt","cmoecyovq0013f1jcwh932esj",4,"2026-04-25T13:11:28.201Z"
"cmoecyq4p018yf1jc7v7bc4d5","cmoecyq4i018hf1jcfthdxypt","cmoecyovv0015f1jcwn1ix1ku",5,"2026-04-25T13:11:28.201Z"
"cmoecyq4p018zf1jc2ba6167p","cmoecyq4i018hf1jcfthdxypt","cmoecyow10017f1jckvt6jy48",4,"2026-04-25T13:11:28.201Z"
"cmoecyq4p0190f1jcc7beq89q","cmoecyq4i018hf1jcfthdxypt","cmoecyow70019f1jcghkdnibp",4,"2026-04-25T13:11:28.201Z"
"cmoecyq4p0191f1jcmas8p6qy","cmoecyq4i018hf1jcfthdxypt","cmoecyowe001bf1jc147lay2z",4,"2026-04-25T13:11:28.201Z"
"cmoecyq4p0192f1jc2resgftu","cmoecyq4i018hf1jcfthdxypt","cmoecyowk001df1jcitlpfot4",5,"2026-04-25T13:11:28.201Z"
"cmoecyq4p0193f1jcpshsjadu","cmoecyq4i018hf1jcfthdxypt","cmoecyowr001ff1jcvai6ub9l",5,"2026-04-25T13:11:28.201Z"
"cmoecyq4p0194f1jczym3hdcr","cmoecyq4i018hf1jcfthdxypt","cmoecyowx001hf1jcitibv2kc",4,"2026-04-25T13:11:28.201Z"
"cmoecyq4p0195f1jcsqscestd","cmoecyq4i018hf1jcfthdxypt","cmoecyox2001jf1jcxlmrbsix",4,"2026-04-25T13:11:28.201Z"
"cmoecyq4p0196f1jcdidhbuw7","cmoecyq4i018hf1jcfthdxypt","cmoecyox8001lf1jclaojl3u4",4,"2026-04-25T13:11:28.201Z"
"cmoecyq4p0197f1jcm2j5siet","cmoecyq4i018hf1jcfthdxypt","cmoecyoxf001nf1jcpcn43q2h",4,"2026-04-25T13:11:28.201Z"
"cmoecyq4p0198f1jct54zdlz8","cmoecyq4i018hf1jcfthdxypt","cmoecyoxm001pf1jck372pscl",4,"2026-04-25T13:11:28.201Z"
"cmoecyq57019df1jcotzn64nm","cmoecyq52019cf1jceflum5sw","cmoecyosy0009f1jcnyjiqtrv",4,"2026-04-25T13:11:28.219Z"
"cmoecyq57019ef1jcgjp84ssa","cmoecyq52019cf1jceflum5sw","cmoecyot5000bf1jcz72lbhd2",4,"2026-04-25T13:11:28.219Z"
"cmoecyq57019ff1jcksf9nynx","cmoecyq52019cf1jceflum5sw","cmoecyotd000df1jc6lsgcq0q",3,"2026-04-25T13:11:28.219Z"
"cmoecyq57019gf1jcxn1xu370","cmoecyq52019cf1jceflum5sw","cmoecyotj000ff1jcdbezkhdn",4,"2026-04-25T13:11:28.219Z"
"cmoecyq57019hf1jcizbw674r","cmoecyq52019cf1jceflum5sw","cmoecyotr000hf1jcjt49goml",4,"2026-04-25T13:11:28.219Z"
"cmoecyq57019if1jcpme8kljk","cmoecyq52019cf1jceflum5sw","cmoecyotw000jf1jc5ttuthae",4,"2026-04-25T13:11:28.219Z"
"cmoecyq57019jf1jcygvlsqb4","cmoecyq52019cf1jceflum5sw","cmoecyou2000lf1jc4qzd468r",4,"2026-04-25T13:11:28.219Z"
"cmoecyq57019kf1jcs6tmvege","cmoecyq52019cf1jceflum5sw","cmoecyou9000nf1jco1pxt52l",5,"2026-04-25T13:11:28.219Z"
"cmoecyq57019lf1jcvrhw1lh1","cmoecyq52019cf1jceflum5sw","cmoecyouf000pf1jcz7jx8q8t",3,"2026-04-25T13:11:28.219Z"
"cmoecyq57019mf1jcz7m41r7q","cmoecyq52019cf1jceflum5sw","cmoecyoun000rf1jc1bma24m3",5,"2026-04-25T13:11:28.219Z"
"cmoecyq57019nf1jcdnship95","cmoecyq52019cf1jceflum5sw","cmoecyout000tf1jcxacpjlb8",4,"2026-04-25T13:11:28.219Z"
"cmoecyq57019of1jcb1pffvrk","cmoecyq52019cf1jceflum5sw","cmoecyov0000vf1jcebemgszg",4,"2026-04-25T13:11:28.219Z"
"cmoecyq57019pf1jcdbne12rc","cmoecyq52019cf1jceflum5sw","cmoecyov8000xf1jcczqq5tig",5,"2026-04-25T13:11:28.219Z"
"cmoecyq57019qf1jcuz2ep7tn","cmoecyq52019cf1jceflum5sw","cmoecyovf000zf1jc6al9h4xw",4,"2026-04-25T13:11:28.219Z"
"cmoecyq57019rf1jcq3krhypy","cmoecyq52019cf1jceflum5sw","cmoecyovl0011f1jc20al0cur",5,"2026-04-25T13:11:28.219Z"
"cmoecyq57019sf1jc2s65fvkz","cmoecyq52019cf1jceflum5sw","cmoecyovq0013f1jcwh932esj",4,"2026-04-25T13:11:28.219Z"
"cmoecyq57019tf1jcwkgz1n8w","cmoecyq52019cf1jceflum5sw","cmoecyovv0015f1jcwn1ix1ku",3,"2026-04-25T13:11:28.219Z"
"cmoecyq57019uf1jcxxg2yjqb","cmoecyq52019cf1jceflum5sw","cmoecyow10017f1jckvt6jy48",5,"2026-04-25T13:11:28.219Z"
"cmoecyq57019vf1jcrtx3qnd2","cmoecyq52019cf1jceflum5sw","cmoecyow70019f1jcghkdnibp",3,"2026-04-25T13:11:28.219Z"
"cmoecyq57019wf1jc2h4aqfau","cmoecyq52019cf1jceflum5sw","cmoecyowe001bf1jc147lay2z",4,"2026-04-25T13:11:28.219Z"
"cmoecyq57019xf1jcl9i3ul52","cmoecyq52019cf1jceflum5sw","cmoecyowk001df1jcitlpfot4",4,"2026-04-25T13:11:28.219Z"
"cmoecyq57019yf1jcn8d108uw","cmoecyq52019cf1jceflum5sw","cmoecyowr001ff1jcvai6ub9l",4,"2026-04-25T13:11:28.219Z"
"cmoecyq57019zf1jcoyy74fen","cmoecyq52019cf1jceflum5sw","cmoecyowx001hf1jcitibv2kc",4,"2026-04-25T13:11:28.219Z"
"cmoecyq5701a0f1jcd2dikcxf","cmoecyq52019cf1jceflum5sw","cmoecyox2001jf1jcxlmrbsix",4,"2026-04-25T13:11:28.219Z"
"cmoecyq5701a1f1jcs5rzk2yl","cmoecyq52019cf1jceflum5sw","cmoecyox8001lf1jclaojl3u4",3,"2026-04-25T13:11:28.219Z"
"cmoecyq5701a2f1jcit63zpbx","cmoecyq52019cf1jceflum5sw","cmoecyoxf001nf1jcpcn43q2h",4,"2026-04-25T13:11:28.219Z"
"cmoecyq5701a3f1jcjepycpsy","cmoecyq52019cf1jceflum5sw","cmoecyoxm001pf1jck372pscl",4,"2026-04-25T13:11:28.219Z"